This is pdfTeX, Version 3.141592653-2.6-1.40.25 (MiKTeX 24.1) (preloaded format=pdflatex 2025.11.22)  22 NOV 2025 15:08
entering extended mode
 restricted \write18 enabled.
 %&-line parsing enabled.
**./report.tex
(report.tex
LaTeX2e <2025-06-01> patch level 1
L3 programming layer <2025-09-02>

(C:\Users\Пользователь\AppData\Local\Programs\MiKTeX\tex/latex/base
\article.cls
Document Class: article 2025/01/22 v1.4n Standard LaTeX document class

(C:\Users\Пользователь\AppData\Local\Programs\MiKTeX\tex/latex/base
\size12.clo
File: size12.clo 2025/01/22 v1.4n Standard LaTeX file (size option)
)
\c@part=\count275
\c@section=\count276
\c@subsection=\count277
\c@subsubsection=\count278
\c@paragraph=\count279
\c@subparagraph=\count280
\c@figure=\count281
\c@table=\count282
\abovecaptionskip=\skip49
\belowcaptionskip=\skip50
\bibindent=\dimen148
)
(C:\Users\Пользователь\AppData\Local\Programs\MiKTeX\tex/latex/base
\inputenc.sty
Package: inputenc 2024/02/08 v1.3d Input encoding file
\inpenc@prehook=\toks17
\inpenc@posthook=\toks18
)
(C:\Users\Пользователь\AppData\Local\Programs\MiKTeX\tex/latex/base
\fontenc.sty
Package: fontenc 2024/12/21 v2.1c Standard LaTeX package
 (C:\Program Files\MiKTeX\tex/latex/cyrillic\t2aenc.def
File: t2aenc.def 2023/11/07 v1.0k Cyrillic encoding definition file
Now handling font encoding T2A ...
... processing UTF-8 mapping file for font encoding T2A

(C:\Users\Пользователь\AppData\Local\Programs\MiKTeX\tex/latex/base
\t2aenc.dfu
File: t2aenc.dfu 2022/06/07 v1.3c UTF-8 support
   defining Unicode char U+00A4 (decimal 164)
   defining Unicode char U+00A7 (decimal 167)
   defining Unicode char U+00AB (decimal 171)
   defining Unicode char U+00BB (decimal 187)
   defining Unicode char U+0131 (decimal 305)
   defining Unicode char U+0237 (decimal 567)
   defining Unicode char U+0400 (decimal 1024)
   defining Unicode char U+0401 (decimal 1025)
   defining Unicode char U+0402 (decimal 1026)
   defining Unicode char U+0403 (decimal 1027)
   defining Unicode char U+0404 (decimal 1028)
   defining Unicode char U+0405 (decimal 1029)
   defining Unicode char U+0406 (decimal 1030)
   defining Unicode char U+0407 (decimal 1031)
   defining Unicode char U+0408 (decimal 1032)
   defining Unicode char U+0409 (decimal 1033)
   defining Unicode char U+040A (decimal 1034)
   defining Unicode char U+040B (decimal 1035)
   defining Unicode char U+040C (decimal 1036)
   defining Unicode char U+040D (decimal 1037)
   defining Unicode char U+040E (decimal 1038)
   defining Unicode char U+040F (decimal 1039)
   defining Unicode char U+0410 (decimal 1040)
   defining Unicode char U+0411 (decimal 1041)
   defining Unicode char U+0412 (decimal 1042)
   defining Unicode char U+0413 (decimal 1043)
   defining Unicode char U+0414 (decimal 1044)
   defining Unicode char U+0415 (decimal 1045)
   defining Unicode char U+0416 (decimal 1046)
   defining Unicode char U+0417 (decimal 1047)
   defining Unicode char U+0418 (decimal 1048)
   defining Unicode char U+0419 (decimal 1049)
   defining Unicode char U+041A (decimal 1050)
   defining Unicode char U+041B (decimal 1051)
   defining Unicode char U+041C (decimal 1052)
   defining Unicode char U+041D (decimal 1053)
   defining Unicode char U+041E (decimal 1054)
   defining Unicode char U+041F (decimal 1055)
   defining Unicode char U+0420 (decimal 1056)
   defining Unicode char U+0421 (decimal 1057)
   defining Unicode char U+0422 (decimal 1058)
   defining Unicode char U+0423 (decimal 1059)
   defining Unicode char U+0424 (decimal 1060)
   defining Unicode char U+0425 (decimal 1061)
   defining Unicode char U+0426 (decimal 1062)
   defining Unicode char U+0427 (decimal 1063)
   defining Unicode char U+0428 (decimal 1064)
   defining Unicode char U+0429 (decimal 1065)
   defining Unicode char U+042A (decimal 1066)
   defining Unicode char U+042B (decimal 1067)
   defining Unicode char U+042C (decimal 1068)
   defining Unicode char U+042D (decimal 1069)
   defining Unicode char U+042E (decimal 1070)
   defining Unicode char U+042F (decimal 1071)
   defining Unicode char U+0430 (decimal 1072)
   defining Unicode char U+0431 (decimal 1073)
   defining Unicode char U+0432 (decimal 1074)
   defining Unicode char U+0433 (decimal 1075)
   defining Unicode char U+0434 (decimal 1076)
   defining Unicode char U+0435 (decimal 1077)
   defining Unicode char U+0436 (decimal 1078)
   defining Unicode char U+0437 (decimal 1079)
   defining Unicode char U+0438 (decimal 1080)
   defining Unicode char U+0439 (decimal 1081)
   defining Unicode char U+043A (decimal 1082)
   defining Unicode char U+043B (decimal 1083)
   defining Unicode char U+043C (decimal 1084)
   defining Unicode char U+043D (decimal 1085)
   defining Unicode char U+043E (decimal 1086)
   defining Unicode char U+043F (decimal 1087)
   defining Unicode char U+0440 (decimal 1088)
   defining Unicode char U+0441 (decimal 1089)
   defining Unicode char U+0442 (decimal 1090)
   defining Unicode char U+0443 (decimal 1091)
   defining Unicode char U+0444 (decimal 1092)
   defining Unicode char U+0445 (decimal 1093)
   defining Unicode char U+0446 (decimal 1094)
   defining Unicode char U+0447 (decimal 1095)
   defining Unicode char U+0448 (decimal 1096)
   defining Unicode char U+0449 (decimal 1097)
   defining Unicode char U+044A (decimal 1098)
   defining Unicode char U+044B (decimal 1099)
   defining Unicode char U+044C (decimal 1100)
   defining Unicode char U+044D (decimal 1101)
   defining Unicode char U+044E (decimal 1102)
   defining Unicode char U+044F (decimal 1103)
   defining Unicode char U+0450 (decimal 1104)
   defining Unicode char U+0451 (decimal 1105)
   defining Unicode char U+0452 (decimal 1106)
   defining Unicode char U+0453 (decimal 1107)
   defining Unicode char U+0454 (decimal 1108)
   defining Unicode char U+0455 (decimal 1109)
   defining Unicode char U+0456 (decimal 1110)
   defining Unicode char U+0457 (decimal 1111)
   defining Unicode char U+0458 (decimal 1112)
   defining Unicode char U+0459 (decimal 1113)
   defining Unicode char U+045A (decimal 1114)
   defining Unicode char U+045B (decimal 1115)
   defining Unicode char U+045C (decimal 1116)
   defining Unicode char U+045D (decimal 1117)
   defining Unicode char U+045E (decimal 1118)
   defining Unicode char U+045F (decimal 1119)
   defining Unicode char U+0490 (decimal 1168)
   defining Unicode char U+0491 (decimal 1169)
   defining Unicode char U+0492 (decimal 1170)
   defining Unicode char U+0493 (decimal 1171)
   defining Unicode char U+0496 (decimal 1174)
   defining Unicode char U+0497 (decimal 1175)
   defining Unicode char U+0498 (decimal 1176)
   defining Unicode char U+0499 (decimal 1177)
   defining Unicode char U+049A (decimal 1178)
   defining Unicode char U+049B (decimal 1179)
   defining Unicode char U+049C (decimal 1180)
   defining Unicode char U+049D (decimal 1181)
   defining Unicode char U+04A0 (decimal 1184)
   defining Unicode char U+04A1 (decimal 1185)
   defining Unicode char U+04A2 (decimal 1186)
   defining Unicode char U+04A3 (decimal 1187)
   defining Unicode char U+04A4 (decimal 1188)
   defining Unicode char U+04A5 (decimal 1189)
   defining Unicode char U+04AA (decimal 1194)
   defining Unicode char U+04AB (decimal 1195)
   defining Unicode char U+04AE (decimal 1198)
   defining Unicode char U+04AF (decimal 1199)
   defining Unicode char U+04B0 (decimal 1200)
   defining Unicode char U+04B1 (decimal 1201)
   defining Unicode char U+04B2 (decimal 1202)
   defining Unicode char U+04B3 (decimal 1203)
   defining Unicode char U+04B6 (decimal 1206)
   defining Unicode char U+04B7 (decimal 1207)
   defining Unicode char U+04B8 (decimal 1208)
   defining Unicode char U+04B9 (decimal 1209)
   defining Unicode char U+04BA (decimal 1210)
   defining Unicode char U+04BB (decimal 1211)
   defining Unicode char U+04C0 (decimal 1216)
   defining Unicode char U+04C1 (decimal 1217)
   defining Unicode char U+04C2 (decimal 1218)
   defining Unicode char U+04D0 (decimal 1232)
   defining Unicode char U+04D1 (decimal 1233)
   defining Unicode char U+04D2 (decimal 1234)
   defining Unicode char U+04D3 (decimal 1235)
   defining Unicode char U+04D4 (decimal 1236)
   defining Unicode char U+04D5 (decimal 1237)
   defining Unicode char U+04D6 (decimal 1238)
   defining Unicode char U+04D7 (decimal 1239)
   defining Unicode char U+04D8 (decimal 1240)
   defining Unicode char U+04D9 (decimal 1241)
   defining Unicode char U+04DA (decimal 1242)
   defining Unicode char U+04DB (decimal 1243)
   defining Unicode char U+04DC (decimal 1244)
   defining Unicode char U+04DD (decimal 1245)
   defining Unicode char U+04DE (decimal 1246)
   defining Unicode char U+04DF (decimal 1247)
   defining Unicode char U+04E2 (decimal 1250)
   defining Unicode char U+04E3 (decimal 1251)
   defining Unicode char U+04E4 (decimal 1252)
   defining Unicode char U+04E5 (decimal 1253)
   defining Unicode char U+04E6 (decimal 1254)
   defining Unicode char U+04E7 (decimal 1255)
   defining Unicode char U+04E8 (decimal 1256)
   defining Unicode char U+04E9 (decimal 1257)
   defining Unicode char U+04EC (decimal 1260)
   defining Unicode char U+04ED (decimal 1261)
   defining Unicode char U+04EE (decimal 1262)
   defining Unicode char U+04EF (decimal 1263)
   defining Unicode char U+04F0 (decimal 1264)
   defining Unicode char U+04F1 (decimal 1265)
   defining Unicode char U+04F2 (decimal 1266)
   defining Unicode char U+04F3 (decimal 1267)
   defining Unicode char U+04F4 (decimal 1268)
   defining Unicode char U+04F5 (decimal 1269)
   defining Unicode char U+04F8 (decimal 1272)
   defining Unicode char U+04F9 (decimal 1273)
   defining Unicode char U+200C (decimal 8204)
   defining Unicode char U+2013 (decimal 8211)
   defining Unicode char U+2014 (decimal 8212)
   defining Unicode char U+2018 (decimal 8216)
   defining Unicode char U+2019 (decimal 8217)
   defining Unicode char U+201C (decimal 8220)
   defining Unicode char U+201D (decimal 8221)
   defining Unicode char U+201E (decimal 8222)
   defining Unicode char U+2030 (decimal 8240)
   defining Unicode char U+2031 (decimal 8241)
   defining Unicode char U+2116 (decimal 8470)
   defining Unicode char U+2329 (decimal 9001)
   defining Unicode char U+3008 (decimal 12296)
   defining Unicode char U+232A (decimal 9002)
   defining Unicode char U+3009 (decimal 12297)
   defining Unicode char U+2423 (decimal 9251)
   defining Unicode char U+27E8 (decimal 10216)
   defining Unicode char U+27E9 (decimal 10217)
   defining Unicode char U+FB00 (decimal 64256)
   defining Unicode char U+FB01 (decimal 64257)
   defining Unicode char U+FB02 (decimal 64258)
   defining Unicode char U+FB03 (decimal 64259)
   defining Unicode char U+FB04 (decimal 64260)
   defining Unicode char U+FB05 (decimal 64261)
   defining Unicode char U+FB06 (decimal 64262)
))
LaTeX Font Info:    Trying to load font information for T2A+cmr on input line 1
16.
 (C:\Program Files\MiKTeX\tex/latex/cyrillic\t2acmr.fd
File: t2acmr.fd 2001/08/11 v1.0a Computer Modern Cyrillic font definitions
))
(C:\Users\Пользователь\AppData\Local\Programs\MiKTeX\tex/generic/ba
bel\babel.sty
Package: babel 2025/08/03 v25.12 The multilingual framework for LuaLaTeX, pdfLa
TeX and XeLaTeX
\babel@savecnt=\count283
LaTeX Encoding Info:    Redeclaring text command \ij (encoding OT1) on input li
ne 2045.
LaTeX Encoding Info:    Redeclaring text command \IJ (encoding OT1) on input li
ne 2047.
LaTeX Encoding Info:    Redeclaring text command \ij (encoding T1) on input lin
e 2049.
LaTeX Encoding Info:    Redeclaring text command \IJ (encoding T1) on input lin
e 2050.
LaTeX Encoding Info:    Ignoring declaration for text command \ij (encoding ?) 
on input line 2051.
LaTeX Encoding Info:    Ignoring declaration for text command \IJ (encoding ?) 
on input line 2053.
LaTeX Encoding Info:    Ignoring declaration for text command \SS (encoding ?) 
on input line 2078.
\U@D=\dimen149
\l@unhyphenated=\language79

(C:\Users\Пользователь\AppData\Local\Programs\MiKTeX\tex/generic/ba
bel\txtbabel.def)
\bbl@readstream=\read2
\bbl@dirlevel=\count284

*************************************
* Local config file bblopts.cfg used
*

(C:\Users\Пользователь\AppData\Local\Programs\MiKTeX\tex/latex/arab
i\bblopts.cfg
File: bblopts.cfg 2005/09/08 v0.1 add Arabic and Farsi to "declared" options of
 babel
) (C:\Program Files\MiKTeX\tex/latex/babel-russian\russianb.ldf
File: russianb.ldf 2021/01/10 1.3m Russian support for the Babel system
Language: russian 2020/09/09 1.3k Russian support for the Babel system

(C:\Users\Пользователь\AppData\Local\Programs\MiKTeX\tex/generic/ba
bel/locale/ru\babel-russian.tex
Package babel Info: Importing font and identification data for russian
(babel)             from babel-ru.ini. Reported on input line 12.
)
Package babel Info: Making " an active character on input line 124.
Package babel Info: Default for \cyrdash is provided on input line 163.
)
(C:\Users\Пользователь\AppData\Local\Programs\MiKTeX\tex/latex/babe
l-english\english.ldf
Language: english 2017/06/06 v3.3r English support from the babel system

(C:\Users\Пользователь\AppData\Local\Programs\MiKTeX\tex/generic/ba
bel/locale/en\babel-english.tex
Package babel Info: Importing font and identification data for english
(babel)             from babel-en.ini. Reported on input line 12.
)
Package babel Info: Hyphen rules for 'canadian' set to \l@english
(babel)             (\language0). Reported on input line 102.
Package babel Info: Hyphen rules for 'australian' set to \l@ukenglish
(babel)             (\language73). Reported on input line 105.
Package babel Info: Hyphen rules for 'newzealand' set to \l@ukenglish
(babel)             (\language73). Reported on input line 108.
))
(C:\Program Files\MiKTeX\tex/latex/geometry\geometry.sty
Package: geometry 2020/01/02 v5.9 Page Geometry

(C:\Users\Пользователь\AppData\Local\Programs\MiKTeX\tex/latex/grap
hics\keyval.sty
Package: keyval 2022/05/29 v1.15 key=value parser (DPC)
\KV@toks@=\toks19
)
(C:\Users\Пользователь\AppData\Local\Programs\MiKTeX\tex/generic/if
tex\ifvtex.sty
Package: ifvtex 2019/10/25 v1.7 ifvtex legacy package. Use iftex instead.

(C:\Users\Пользователь\AppData\Local\Programs\MiKTeX\tex/generic/if
tex\iftex.sty
Package: iftex 2024/12/12 v1.0g TeX engine tests
))
\Gm@cnth=\count285
\Gm@cntv=\count286
\c@Gm@tempcnt=\count287
\Gm@bindingoffset=\dimen150
\Gm@wd@mp=\dimen151
\Gm@odd@mp=\dimen152
\Gm@even@mp=\dimen153
\Gm@layoutwidth=\dimen154
\Gm@layoutheight=\dimen155
\Gm@layouthoffset=\dimen156
\Gm@layoutvoffset=\dimen157
\Gm@dimlist=\toks20
 (C:\Program Files\MiKTeX\tex/latex/geometry\geometry.cfg))
(C:\Users\Пользователь\AppData\Local\Programs\MiKTeX\tex/latex/bibl
atex\biblatex.sty
Package: biblatex 2025/07/10 v3.21 programmable bibliographies (PK/MW)

(C:\Users\Пользователь\AppData\Local\Programs\MiKTeX\tex/generic/pd
ftexcmds\pdftexcmds.sty
Package: pdftexcmds 2020-06-27 v0.33 Utility functions of pdfTeX for LuaTeX (HO
)

(C:\Program Files\MiKTeX\tex/generic/infwarerr\infwarerr.sty
Package: infwarerr 2019/12/03 v1.5 Providing info/warning/error messages (HO)
)
(C:\Program Files\MiKTeX\tex/generic/ltxcmds\ltxcmds.sty
Package: ltxcmds 2023-12-04 v1.26 LaTeX kernel commands for general use (HO)
)
Package pdftexcmds Info: \pdf@primitive is available.
Package pdftexcmds Info: \pdf@ifprimitive is available.
Package pdftexcmds Info: \pdfdraftmode found.
)
(C:\Users\Пользователь\AppData\Local\Programs\MiKTeX\tex/latex/etoo
lbox\etoolbox.sty
Package: etoolbox 2025/02/11 v2.5l e-TeX tools for LaTeX (JAW)
\etb@tempcnta=\count288
) (C:\Program Files\MiKTeX\tex/latex/kvoptions\kvoptions.sty
Package: kvoptions 2022-06-15 v3.15 Key value format for package options (HO)

(C:\Program Files\MiKTeX\tex/latex/kvsetkeys\kvsetkeys.sty
Package: kvsetkeys 2022-10-05 v1.19 Key value parser (HO)
))
(C:\Program Files\MiKTeX\tex/latex/logreq\logreq.sty
Package: logreq 2010/08/04 v1.0 xml request logger
\lrq@indent=\count289

(C:\Program Files\MiKTeX\tex/latex/logreq\logreq.def
File: logreq.def 2010/08/04 v1.0 logreq spec v1.0
))
(C:\Users\Пользователь\AppData\Local\Programs\MiKTeX\tex/latex/base
\ifthen.sty
Package: ifthen 2024/03/16 v1.1e Standard LaTeX ifthen package (DPC)
)
(C:\Users\Пользователь\AppData\Local\Programs\MiKTeX\tex/latex/url\
url.sty
\Urlmuskip=\muskip17
Package: url 2013/09/16  ver 3.4  Verb mode for urls, etc.
)
\c@tabx@nest=\count290
\c@listtotal=\count291
\c@listcount=\count292
\c@liststart=\count293
\c@liststop=\count294
\c@citecount=\count295
\c@citetotal=\count296
\c@multicitecount=\count297
\c@multicitetotal=\count298
\c@instcount=\count299
\c@maxnames=\count300
\c@minnames=\count301
\c@maxitems=\count302
\c@minitems=\count303
\c@citecounter=\count304
\c@maxcitecounter=\count305
\c@savedcitecounter=\count306
\c@uniquelist=\count307
\c@uniquename=\count308
\c@refsection=\count309
\c@refsegment=\count310
\c@maxextratitle=\count311
\c@maxextratitleyear=\count312
\c@maxextraname=\count313
\c@maxextradate=\count314
\c@maxextraalpha=\count315
\c@abbrvpenalty=\count316
\c@highnamepenalty=\count317
\c@lownamepenalty=\count318
\c@maxparens=\count319
\c@parenlevel=\count320
\blx@tempcnta=\count321
\blx@tempcntb=\count322
\blx@tempcntc=\count323
\c@blx@maxsection=\count324
\blx@maxsegment@0=\count325
\blx@notetype=\count326
\blx@parenlevel@text=\count327
\blx@parenlevel@foot=\count328
\blx@sectionciteorder@0=\count329
\blx@sectionciteorderinternal@0=\count330
\blx@entrysetcounter=\count331
\blx@biblioinstance=\count332
\labelnumberwidth=\skip51
\labelalphawidth=\skip52
\biblabelsep=\skip53
\bibitemsep=\skip54
\bibnamesep=\skip55
\bibinitsep=\skip56
\bibparsep=\skip57
\bibhang=\skip58
\blx@bcfin=\read3
\blx@bcfout=\write3
\blx@langwohyphens=\language80
\c@mincomprange=\count333
\c@maxcomprange=\count334
\c@mincompwidth=\count335
Package biblatex Info: Trying to load biblatex default data model...
Package biblatex Info: ... file 'blx-dm.def' found.

(C:\Users\Пользователь\AppData\Local\Programs\MiKTeX\tex/latex/bibl
atex\blx-dm.def
File: blx-dm.def 2025/07/10 v3.21 biblatex datamodel (PK/MW)
)
Package biblatex Info: Trying to load biblatex style data model...
Package biblatex Info: ... file 'gost-numeric.dbx' found.

(C:\Program Files\MiKTeX\tex/latex/biblatex-gost/dbx\gost-numeric.dbx
File: gost-numeric.dbx 2023/04/25 v1.24 biblatex-gost data model
Package biblatex Info: Trying to load biblatex-gost data model...
Package biblatex Info: ... file 'biblatex-gost.dbx' found.

(C:\Program Files\MiKTeX\tex/latex/biblatex-gost/dbx\biblatex-gost.dbx
File: biblatex-gost.dbx 2023/04/25 v1.24 biblatex-gost data model
))
Package biblatex Info: Trying to load biblatex custom data model...
Package biblatex Info: ... file 'biblatex-dm.cfg' not found.
\c@afterword=\count336
\c@savedafterword=\count337
\c@annotator=\count338
\c@savedannotator=\count339
\c@author=\count340
\c@savedauthor=\count341
\c@bookauthor=\count342
\c@savedbookauthor=\count343
\c@commentator=\count344
\c@savedcommentator=\count345
\c@editor=\count346
\c@savededitor=\count347
\c@editora=\count348
\c@savededitora=\count349
\c@editorb=\count350
\c@savededitorb=\count351
\c@editorc=\count352
\c@savededitorc=\count353
\c@foreword=\count354
\c@savedforeword=\count355
\c@holder=\count356
\c@savedholder=\count357
\c@introduction=\count358
\c@savedintroduction=\count359
\c@namea=\count360
\c@savednamea=\count361
\c@nameb=\count362
\c@savednameb=\count363
\c@namec=\count364
\c@savednamec=\count365
\c@translator=\count366
\c@savedtranslator=\count367
\c@shortauthor=\count368
\c@savedshortauthor=\count369
\c@shorteditor=\count370
\c@savedshorteditor=\count371
\c@booktranslator=\count372
\c@savedbooktranslator=\count373
\c@bookcommentator=\count374
\c@savedbookcommentator=\count375
\c@bookannotator=\count376
\c@savedbookannotator=\count377
\c@bookintroduction=\count378
\c@savedbookintroduction=\count379
\c@bookforeword=\count380
\c@savedbookforeword=\count381
\c@bookafterword=\count382
\c@savedbookafterword=\count383
\c@labelname=\count384
\c@savedlabelname=\count385
\c@institution=\count386
\c@savedinstitution=\count387
\c@lista=\count388
\c@savedlista=\count389
\c@listb=\count390
\c@savedlistb=\count391
\c@listc=\count392
\c@savedlistc=\count393
\c@listd=\count394
\c@savedlistd=\count395
\c@liste=\count396
\c@savedliste=\count397
\c@listf=\count398
\c@savedlistf=\count399
\c@location=\count400
\c@savedlocation=\count401
\c@organization=\count402
\c@savedorganization=\count403
\c@origlocation=\count404
\c@savedoriglocation=\count405
\c@origpublisher=\count406
\c@savedorigpublisher=\count407
\c@publisher=\count408
\c@savedpublisher=\count409
\c@language=\count410
\c@savedlanguage=\count411
\c@origlanguage=\count412
\c@savedoriglanguage=\count413
\c@bookoriglanguage=\count414
\c@savedbookoriglanguage=\count415
\c@specdata=\count416
\c@savedspecdata=\count417
\c@credits=\count418
\c@savedcredits=\count419
\c@bookcredits=\count420
\c@savedbookcredits=\count421
\c@editioncredits=\count422
\c@savededitioncredits=\count423
\c@pageref=\count424
\c@savedpageref=\count425
\shorthandwidth=\skip59
\shortjournalwidth=\skip60
\shortserieswidth=\skip61
\shorttitlewidth=\skip62
\shortauthorwidth=\skip63
\shorteditorwidth=\skip64
\locallabelnumberwidth=\skip65
\locallabelalphawidth=\skip66
\localshorthandwidth=\skip67
\localshortjournalwidth=\skip68
\localshortserieswidth=\skip69
\localshorttitlewidth=\skip70
\localshortauthorwidth=\skip71
\localshorteditorwidth=\skip72
Package biblatex Info: Trying to load compatibility code...
Package biblatex Info: ... file 'blx-compat.def' found.

(C:\Users\Пользователь\AppData\Local\Programs\MiKTeX\tex/latex/bibl
atex\blx-compat.def
File: blx-compat.def 2025/07/10 v3.21 biblatex compatibility (PK/MW)
)
Package biblatex Info: Trying to load generic definitions...
Package biblatex Info: ... file 'biblatex.def' found.

(C:\Users\Пользователь\AppData\Local\Programs\MiKTeX\tex/latex/bibl
atex\biblatex.def
File: biblatex.def 2025/07/10 v3.21 biblatex compatibility (PK/MW)
\c@textcitecount=\count426
\c@textcitetotal=\count427
\c@textcitemaxnames=\count428
\c@biburlbigbreakpenalty=\count429
\c@biburlbreakpenalty=\count430
\c@biburlnumpenalty=\count431
\c@biburlucpenalty=\count432
\c@biburllcpenalty=\count433
\biburlbigskip=\muskip18
\biburlnumskip=\muskip19
\biburlucskip=\muskip20
\biburllcskip=\muskip21
\c@smartand=\count434
)
Package biblatex Info: Trying to load bibliography style 'gost-numeric'...
Package biblatex Info: ... file 'gost-numeric.bbx' found.

(C:\Program Files\MiKTeX\tex/latex/biblatex-gost/bbx\gost-numeric.bbx
File: gost-numeric.bbx 2023/04/25 v1.24 biblatex-gost styles
Package biblatex Info: Trying to load bibliography style 'gost-standard'...
Package biblatex Info: ... file 'gost-standard.bbx' found.

(C:\Program Files\MiKTeX\tex/latex/biblatex-gost/bbx\gost-standard.bbx
File: gost-standard.bbx 2023/04/25 v1.24 biblatex-gost styles
Package biblatex Info: Trying to load biblatex-gost generic definitions...
Package biblatex Info: ... file 'biblatex-gost.def' found.

(C:\Program Files\MiKTeX\tex/latex/biblatex-gost\biblatex-gost.def
File: biblatex-gost.def 2023/04/25 v1.24 biblatex-gost styles
)
\c@blx@gost@pointer=\count435
\c@bbx:relatedcount=\count436
\c@bbx:relatedtotal=\count437
Package biblatex Info: Redefining autocite command 'footnote'.
Package biblatex Info: Redefining autocite command 'superscript'.
))
Package biblatex Info: Trying to load citation style 'gost-numeric'...
Package biblatex Info: ... file 'gost-numeric.cbx' found.

(C:\Program Files\MiKTeX\tex/latex/biblatex-gost/cbx\gost-numeric.cbx
File: gost-numeric.cbx 2023/04/25 v1.24 biblatex-gost styles
Package biblatex Info: Trying to load citation style 'numeric-comp'...
Package biblatex Info: ... file 'numeric-comp.cbx' found.

(C:\Users\Пользователь\AppData\Local\Programs\MiKTeX\tex/latex/bibl
atex/cbx\numeric-comp.cbx
File: numeric-comp.cbx 2025/07/10 v3.21 biblatex citation style (PK/MW)
\c@cbx@tempcnta=\count438
\c@cbx@tempcntb=\count439
\c@cbx@tempcntc=\count440
\c@cbx@tempcntd=\count441
Package biblatex Info: Redefining '\cite'.
Package biblatex Info: Redefining '\parencite'.
Package biblatex Info: Redefining '\footcite'.
Package biblatex Info: Redefining '\footcitetext'.
Package biblatex Info: Redefining '\smartcite'.
Package biblatex Info: Redefining '\supercite'.
Package biblatex Info: Redefining '\textcite'.
Package biblatex Info: Redefining '\textcites'.
Package biblatex Info: Redefining '\cites'.
Package biblatex Info: Redefining '\parencites'.
Package biblatex Info: Redefining '\smartcites'.
))
Package biblatex Info: Trying to load configuration file...
Package biblatex Info: ... file 'biblatex.cfg' found.

(C:\Users\Пользователь\AppData\Local\Programs\MiKTeX\tex/latex/bibl
atex\biblatex.cfg
File: biblatex.cfg 
)
Package biblatex Info: Input encoding 'utf8' detected.
Package biblatex Info: Document encoding is UTF8 ....

(C:\Users\Пользователь\AppData\Local\Programs\MiKTeX\tex/latex/l3ke
rnel\expl3.sty
Package: expl3 2025-09-02 L3 programming layer (loader) 

(C:\Users\Пользователь\AppData\Local\Programs\MiKTeX\tex/latex/l3ba
ckend\l3backend-pdftex.def
File: l3backend-pdftex.def 2025-06-09 L3 backend support: PDF output (pdfTeX)
\l__color_backend_stack_int=\count442
))
Package biblatex Info: ... and expl3
(biblatex)             2025-09-02 L3 programming layer (loader) 
(biblatex)             is new enough (at least 2020/04/06),
(biblatex)             setting 'casechanger=expl3'.

(C:\Users\Пользователь\AppData\Local\Programs\MiKTeX\tex/latex/bibl
atex\blx-case-expl3.sty
(C:\Users\Пользователь\AppData\Local\Programs\MiKTeX\tex/latex/l3pa
ckages/xparse\xparse.sty
Package: xparse 2024-08-16 L3 Experimental document command parser
)
Package: blx-case-expl3 2025/07/10 v3.21 expl3 case changing code for biblatex
))

Package biblatex-gost Warning: You set maxbibnames or maxcitenames
(biblatex-gost)                different from their default value 3.
(biblatex-gost)                Make sure that sorting works as expected.


(C:\Users\Пользователь\AppData\Local\Programs\MiKTeX\tex/latex/grap
hics\graphicx.sty
Package: graphicx 2024/12/31 v1.2e Enhanced LaTeX Graphics (DPC,SPQR)

(C:\Users\Пользователь\AppData\Local\Programs\MiKTeX\tex/latex/grap
hics\graphics.sty
Package: graphics 2024/08/06 v1.4g Standard LaTeX Graphics (DPC,SPQR)

(C:\Users\Пользователь\AppData\Local\Programs\MiKTeX\tex/latex/grap
hics\trig.sty
Package: trig 2023/12/02 v1.11 sin cos tan (DPC)
)
(C:\Users\Пользователь\AppData\Local\Programs\MiKTeX\tex/latex/grap
hics-cfg\graphics.cfg
File: graphics.cfg 2016/06/04 v1.11 sample graphics configuration
)
Package graphics Info: Driver file: pdftex.def on input line 106.

(C:\Users\Пользователь\AppData\Local\Programs\MiKTeX\tex/latex/grap
hics-def\pdftex.def
File: pdftex.def 2024/04/13 v1.2c Graphics/color driver for pdftex
))
\Gin@req@height=\dimen158
\Gin@req@width=\dimen159
)
(C:\Users\Пользователь\AppData\Local\Programs\MiKTeX\tex/latex/xcol
or\xcolor.sty
Package: xcolor 2024/09/29 v3.02 LaTeX color extensions (UK)

(C:\Users\Пользователь\AppData\Local\Programs\MiKTeX\tex/latex/grap
hics-cfg\color.cfg
File: color.cfg 2016/01/02 v1.6 sample color configuration
)
Package xcolor Info: Driver file: pdftex.def on input line 274.

(C:\Users\Пользователь\AppData\Local\Programs\MiKTeX\tex/latex/grap
hics\mathcolor.ltx)
Package xcolor Info: Model `cmy' substituted by `cmy0' on input line 1349.
Package xcolor Info: Model `hsb' substituted by `rgb' on input line 1353.
Package xcolor Info: Model `RGB' extended on input line 1365.
Package xcolor Info: Model `HTML' substituted by `rgb' on input line 1367.
Package xcolor Info: Model `Hsb' substituted by `hsb' on input line 1368.
Package xcolor Info: Model `tHsb' substituted by `hsb' on input line 1369.
Package xcolor Info: Model `HSB' substituted by `hsb' on input line 1370.
Package xcolor Info: Model `Gray' substituted by `gray' on input line 1371.
Package xcolor Info: Model `wave' substituted by `hsb' on input line 1372.
)
(C:\Users\Пользователь\AppData\Local\Programs\MiKTeX\tex/latex/hype
rref\hyperref.sty
Package: hyperref 2025-07-12 v7.01o Hypertext links for LaTeX

(C:\Program Files\MiKTeX\tex/generic/kvdefinekeys\kvdefinekeys.sty
Package: kvdefinekeys 2019-12-19 v1.6 Define keys (HO)
)
(C:\Program Files\MiKTeX\tex/generic/pdfescape\pdfescape.sty
Package: pdfescape 2019/12/09 v1.15 Implements pdfTeX's escape features (HO)
)
(C:\Program Files\MiKTeX\tex/latex/hycolor\hycolor.sty
Package: hycolor 2020-01-27 v1.10 Color options for hyperref/bookmark (HO)
)
(C:\Users\Пользователь\AppData\Local\Programs\MiKTeX\tex/latex/hype
rref\nameref.sty
Package: nameref 2025-06-21 v2.57 Cross-referencing by name of section
 (C:\Program Files\MiKTeX\tex/latex/refcount\refcount.sty
Package: refcount 2019/12/15 v3.6 Data extraction from label references (HO)
)
(C:\Program Files\MiKTeX\tex/generic/gettitlestring\gettitlestring.sty
Package: gettitlestring 2019/12/15 v1.6 Cleanup title references (HO)
)
\c@section@level=\count443
)
(C:\Program Files\MiKTeX\tex/generic/stringenc\stringenc.sty
Package: stringenc 2019/11/29 v1.12 Convert strings between diff. encodings (HO
)
)
\@linkdim=\dimen160
\Hy@linkcounter=\count444
\Hy@pagecounter=\count445

(C:\Users\Пользователь\AppData\Local\Programs\MiKTeX\tex/latex/hype
rref\pd1enc.def
File: pd1enc.def 2025-07-12 v7.01o Hyperref: PDFDocEncoding definition (HO)
Now handling font encoding PD1 ...
... no UTF-8 mapping file for font encoding PD1
) (C:\Program Files\MiKTeX\tex/generic/intcalc\intcalc.sty
Package: intcalc 2019/12/15 v1.3 Expandable calculations with integers (HO)
)
\Hy@SavedSpaceFactor=\count446

(C:\Users\Пользователь\AppData\Local\Programs\MiKTeX\tex/latex/hype
rref\puenc.def
File: puenc.def 2025-07-12 v7.01o Hyperref: PDF Unicode definition (HO)
Now handling font encoding PU ...
... no UTF-8 mapping file for font encoding PU
)
Package hyperref Info: Option `unicode' set `true' on input line 3160.
Package hyperref Info: Hyper figures OFF on input line 4195.
Package hyperref Info: Link nesting OFF on input line 4200.
Package hyperref Info: Hyper index ON on input line 4203.
Package hyperref Info: Plain pages OFF on input line 4210.
Package hyperref Info: Backreferencing OFF on input line 4215.
Package hyperref Info: Implicit mode ON; LaTeX internals redefined.
Package hyperref Info: Bookmarks ON on input line 4462.
\c@Hy@tempcnt=\count447
LaTeX Info: Redefining \url on input line 4801.
\XeTeXLinkMargin=\dimen161
 (C:\Program Files\MiKTeX\tex/generic/bitset\bitset.sty
Package: bitset 2019/12/09 v1.3 Handle bit-vector datatype (HO)

(C:\Program Files\MiKTeX\tex/generic/bigintcalc\bigintcalc.sty
Package: bigintcalc 2019/12/15 v1.5 Expandable calculations on big integers (HO
)
))
\Fld@menulength=\count448
\Field@Width=\dimen162
\Fld@charsize=\dimen163
Package hyperref Info: Hyper figures OFF on input line 6078.
Package hyperref Info: Link nesting OFF on input line 6083.
Package hyperref Info: Hyper index ON on input line 6086.
Package hyperref Info: backreferencing OFF on input line 6093.
Package hyperref Info: Link coloring OFF on input line 6098.
Package hyperref Info: Link coloring with OCG OFF on input line 6103.
Package hyperref Info: PDF/A mode OFF on input line 6108.
\Hy@abspage=\count449
\c@Item=\count450
\c@Hfootnote=\count451
)
Package hyperref Info: Driver (autodetected): hpdftex.

(C:\Users\Пользователь\AppData\Local\Programs\MiKTeX\tex/latex/hype
rref\hpdftex.def
File: hpdftex.def 2025-07-12 v7.01o Hyperref driver for pdfTeX
\Fld@listcount=\count452
\c@bookmark@seq@number=\count453

(C:\Program Files\MiKTeX\tex/latex/rerunfilecheck\rerunfilecheck.sty
Package: rerunfilecheck 2025-06-21 v1.11 Rerun checks for auxiliary files (HO)

(C:\Program Files\MiKTeX\tex/generic/uniquecounter\uniquecounter.sty
Package: uniquecounter 2019/12/15 v1.4 Provide unlimited unique counter (HO)
)
Package uniquecounter Info: New unique counter `rerunfilecheck' on input line 2
84.
)
\Hy@SectionHShift=\skip73
)
Package hyperref Info: Option `colorlinks' set `true' on input line 71.
Package hyperref Info: Option `bookmarksnumbered' set `true' on input line 71.

(C:\Program Files\MiKTeX\tex/latex/csquotes\csquotes.sty
Package: csquotes 2024-04-04 v5.2o context-sensitive quotations (JAW)
\csq@reset=\count454
\csq@gtype=\count455
\csq@glevel=\count456
\csq@qlevel=\count457
\csq@maxlvl=\count458
\csq@tshold=\count459
\csq@ltx@everypar=\toks21

(C:\Program Files\MiKTeX\tex/latex/csquotes\csquotes.def
File: csquotes.def 2024-04-04 v5.2o csquotes generic definitions (JAW)
)
Package csquotes Info: Trying to load configuration file 'csquotes.cfg'...
Package csquotes Info: ... configuration file loaded successfully.

(C:\Program Files\MiKTeX\tex/latex/csquotes\csquotes.cfg
File: csquotes.cfg 
))
(C:\Users\Пользователь\AppData\Local\Programs\MiKTeX\tex/latex/list
ings\listings.sty
\lst@mode=\count460
\lst@gtempboxa=\box53
\lst@token=\toks22
\lst@length=\count461
\lst@currlwidth=\dimen164
\lst@column=\count462
\lst@pos=\count463
\lst@lostspace=\dimen165
\lst@width=\dimen166
\lst@newlines=\count464
\lst@lineno=\count465
\lst@maxwidth=\dimen167

(C:\Users\Пользователь\AppData\Local\Programs\MiKTeX\tex/latex/list
ings\lstpatch.sty
File: lstpatch.sty 2024/09/23 1.10c (Carsten Heinz)
)
(C:\Users\Пользователь\AppData\Local\Programs\MiKTeX\tex/latex/list
ings\lstmisc.sty
File: lstmisc.sty 2024/09/23 1.10c (Carsten Heinz)
\c@lstnumber=\count466
\lst@skipnumbers=\count467
\lst@framebox=\box54
)
(C:\Users\Пользователь\AppData\Local\Programs\MiKTeX\tex/latex/list
ings\listings.cfg
File: listings.cfg 2024/09/23 1.10c listings configuration
))
Package: listings 2024/09/23 1.10c (Carsten Heinz)
 (C:\Program Files\MiKTeX\tex/latex/booktabs\booktabs.sty
Package: booktabs 2020/01/12 v1.61803398 Publication quality tables
\heavyrulewidth=\dimen168
\lightrulewidth=\dimen169
\cmidrulewidth=\dimen170
\belowrulesep=\dimen171
\belowbottomsep=\dimen172
\aboverulesep=\dimen173
\abovetopsep=\dimen174
\cmidrulesep=\dimen175
\cmidrulekern=\dimen176
\defaultaddspace=\dimen177
\@cmidla=\count468
\@cmidlb=\count469
\@aboverulesep=\dimen178
\@belowrulesep=\dimen179
\@thisruleclass=\count470
\@lastruleclass=\count471
\@thisrulewidth=\dimen180
)
(C:\Users\Пользователь\AppData\Local\Programs\MiKTeX\tex/latex/tool
s\longtable.sty
Package: longtable 2024-12-18 v4.23 Multi-page Table package (DPC)
\LTleft=\skip74
\LTright=\skip75
\LTpre=\skip76
\LTpost=\skip77
\LTchunksize=\count472
\LTcapwidth=\dimen181
\LT@head=\box55
\LT@firsthead=\box56
\LT@foot=\box57
\LT@lastfoot=\box58
\LT@gbox=\box59
\LT@cols=\count473
\LT@rows=\count474
\c@LT@tables=\count475
\c@LT@chunks=\count476
\LT@p@ftn=\toks23
)
(C:\Users\Пользователь\AppData\Local\Programs\MiKTeX\tex/latex/tool
s\array.sty
Package: array 2025/06/08 v2.6j Tabular extension package (FMi)
\col@sep=\dimen182
\ar@mcellbox=\box60
\extrarowheight=\dimen183
\NC@list=\toks24
\extratabsurround=\skip78
\backup@length=\skip79
\ar@cellbox=\box61
)
(C:\Users\Пользователь\AppData\Local\Programs\MiKTeX\tex/latex/amsm
ath\amsmath.sty
Package: amsmath 2025/06/16 v2.17y AMS math features
\@mathmargin=\skip80

For additional information on amsmath, use the `?' option.

(C:\Users\Пользователь\AppData\Local\Programs\MiKTeX\tex/latex/amsm
ath\amstext.sty
Package: amstext 2024/11/17 v2.01 AMS text

(C:\Users\Пользователь\AppData\Local\Programs\MiKTeX\tex/latex/amsm
ath\amsgen.sty
File: amsgen.sty 1999/11/30 v2.0 generic functions
\@emptytoks=\toks25
\ex@=\dimen184
))
(C:\Users\Пользователь\AppData\Local\Programs\MiKTeX\tex/latex/amsm
ath\amsbsy.sty
Package: amsbsy 1999/11/29 v1.2d Bold Symbols
\pmbraise@=\dimen185
)
(C:\Users\Пользователь\AppData\Local\Programs\MiKTeX\tex/latex/amsm
ath\amsopn.sty
Package: amsopn 2022/04/08 v2.04 operator names
)
\inf@bad=\count477
LaTeX Info: Redefining \frac on input line 233.
\uproot@=\count478
\leftroot@=\count479
LaTeX Info: Redefining \overline on input line 398.
LaTeX Info: Redefining \colon on input line 409.
\classnum@=\count480
\DOTSCASE@=\count481
LaTeX Info: Redefining \ldots on input line 495.
LaTeX Info: Redefining \dots on input line 498.
LaTeX Info: Redefining \cdots on input line 619.
\Mathstrutbox@=\box62
\strutbox@=\box63
LaTeX Info: Redefining \big on input line 721.
LaTeX Info: Redefining \Big on input line 722.
LaTeX Info: Redefining \bigg on input line 723.
LaTeX Info: Redefining \Bigg on input line 724.
\big@size=\dimen186
LaTeX Font Info:    Redeclaring font encoding OML on input line 742.
LaTeX Font Info:    Redeclaring font encoding OMS on input line 743.
\macc@depth=\count482
LaTeX Info: Redefining \bmod on input line 904.
LaTeX Info: Redefining \pmod on input line 909.
LaTeX Info: Redefining \smash on input line 939.
LaTeX Info: Redefining \relbar on input line 969.
LaTeX Info: Redefining \Relbar on input line 970.
\c@MaxMatrixCols=\count483
\dotsspace@=\muskip22
\c@parentequation=\count484
\dspbrk@lvl=\count485
\tag@help=\toks26
\row@=\count486
\column@=\count487
\maxfields@=\count488
\andhelp@=\toks27
\eqnshift@=\dimen187
\alignsep@=\dimen188
\tagshift@=\dimen189
\tagwidth@=\dimen190
\totwidth@=\dimen191
\lineht@=\dimen192
\@envbody=\toks28
\multlinegap=\skip81
\multlinetaggap=\skip82
\mathdisplay@stack=\toks29
LaTeX Info: Redefining \[ on input line 2949.
LaTeX Info: Redefining \] on input line 2950.
)
(C:\Users\Пользователь\AppData\Local\Programs\MiKTeX\tex/latex/amsf
onts\amssymb.sty
Package: amssymb 2013/01/14 v3.01 AMS font symbols

(C:\Users\Пользователь\AppData\Local\Programs\MiKTeX\tex/latex/amsf
onts\amsfonts.sty
Package: amsfonts 2013/01/14 v3.01 Basic AMSFonts support
\symAMSa=\mathgroup4
\symAMSb=\mathgroup5
LaTeX Font Info:    Redeclaring math symbol \hbar on input line 98.
LaTeX Font Info:    Overwriting math alphabet `\mathfrak' in version `bold'
(Font)                  U/euf/m/n --> U/euf/b/n on input line 106.
)) (C:\Program Files\MiKTeX\tex/latex/caption\caption.sty
Package: caption 2023/08/05 v3.6o Customizing captions (AR)

(C:\Program Files\MiKTeX\tex/latex/caption\caption3.sty
Package: caption3 2023/07/31 v2.4d caption3 kernel (AR)
\caption@tempdima=\dimen193
\captionmargin=\dimen194
\caption@leftmargin=\dimen195
\caption@rightmargin=\dimen196
\caption@width=\dimen197
\caption@indent=\dimen198
\caption@parindent=\dimen199
\caption@hangindent=\dimen256
Package caption Info: Standard document class detected.
)
\c@caption@flags=\count489
\c@continuedfloat=\count490
Package caption Info: hyperref package is loaded.
Package caption Info: listings package is loaded.
Package caption Info: longtable package is loaded.

(C:\Program Files\MiKTeX\tex/latex/caption\ltcaption.sty
Package: ltcaption 2021/01/08 v1.4c longtable captions (AR)
))
(C:\Program Files\MiKTeX\tex/latex/fancyhdr\fancyhdr.sty
Package: fancyhdr 2025/02/07 v5.2 Extensive control of page headers and footers

\f@nch@headwidth=\skip83
\f@nch@offset@elh=\skip84
\f@nch@offset@erh=\skip85
\f@nch@offset@olh=\skip86
\f@nch@offset@orh=\skip87
\f@nch@offset@elf=\skip88
\f@nch@offset@erf=\skip89
\f@nch@offset@olf=\skip90
\f@nch@offset@orf=\skip91
\f@nch@height=\skip92
\f@nch@footalignment=\skip93
\f@nch@widthL=\skip94
\f@nch@widthC=\skip95
\f@nch@widthR=\skip96
\@temptokenb=\toks30
)
(C:\Program Files\MiKTeX\tex/latex/setspace\setspace.sty
Package: setspace 2022/12/04 v6.7b set line spacing
)
(C:\Users\Пользователь\AppData\Local\Programs\MiKTeX\tex/latex/tool
s\indentfirst.sty
Package: indentfirst 2023/07/02 v1.03 Indent first paragraph (DPC)
)
Package csquotes Info: Checking for multilingual support...
Package csquotes Info: ... found 'babel' package.
Package csquotes Info: Adjusting default style.
Package csquotes Info: Redefining alias 'default' -> 'english'.
 (report.aux)
\openout1 = `report.aux'.

LaTeX Font Info:    Checking defaults for OML/cmm/m/it on input line 146.
LaTeX Font Info:    ... okay on input line 146.
LaTeX Font Info:    Checking defaults for OMS/cmsy/m/n on input line 146.
LaTeX Font Info:    ... okay on input line 146.
LaTeX Font Info:    Checking defaults for OT1/cmr/m/n on input line 146.
LaTeX Font Info:    ... okay on input line 146.
LaTeX Font Info:    Checking defaults for T1/cmr/m/n on input line 146.
LaTeX Font Info:    ... okay on input line 146.
LaTeX Font Info:    Checking defaults for TS1/cmr/m/n on input line 146.
LaTeX Font Info:    ... okay on input line 146.
LaTeX Font Info:    Checking defaults for OMX/cmex/m/n on input line 146.
LaTeX Font Info:    ... okay on input line 146.
LaTeX Font Info:    Checking defaults for U/cmr/m/n on input line 146.
LaTeX Font Info:    ... okay on input line 146.
LaTeX Font Info:    Checking defaults for T2A/cmr/m/n on input line 146.
LaTeX Font Info:    ... okay on input line 146.
LaTeX Font Info:    Checking defaults for PD1/pdf/m/n on input line 146.
LaTeX Font Info:    ... okay on input line 146.
LaTeX Font Info:    Checking defaults for PU/pdf/m/n on input line 146.
LaTeX Font Info:    ... okay on input line 146.
LaTeX Info: Redefining \th on input line 146.

*geometry* driver: auto-detecting
*geometry* detected driver: pdftex
*geometry* verbose mode - [ preamble ] result:
* driver: pdftex
* paper: a4paper
* layout: <same size as paper>
* layoutoffset:(h,v)=(0.0pt,0.0pt)
* modes: 
* h-part:(L,W,R)=(85.35826pt, 469.47049pt, 42.67912pt)
* v-part:(T,H,B)=(56.9055pt, 731.23584pt, 56.9055pt)
* \paperwidth=597.50787pt
* \paperheight=845.04684pt
* \textwidth=469.47049pt
* \textheight=731.23584pt
* \oddsidemargin=13.08827pt
* \evensidemargin=13.08827pt
* \topmargin=-52.36449pt
* \headheight=12.0pt
* \headsep=25.0pt
* \topskip=12.0pt
* \footskip=30.0pt
* \marginparwidth=35.0pt
* \marginparsep=10.0pt
* \columnsep=10.0pt
* \skip\footins=10.8pt plus 4.0pt minus 2.0pt
* \hoffset=0.0pt
* \voffset=0.0pt
* \mag=1000
* \@twocolumnfalse
* \@twosidefalse
* \@mparswitchfalse
* \@reversemarginfalse
* (1in=72.27pt=25.4mm, 1cm=28.453pt)

Package biblatex Info: Trying to load language 'english' -> 'english-gost'...
Package biblatex Info: ... file 'english-gost.lbx' found.
(C:\Program Files\MiKTeX\tex/latex/biblatex-gost/lbx\english-gost.lbx
File: english-gost.lbx 2023/04/25 v1.24 biblatex-gost styles
Package biblatex Info: Trying to load language 'english'...
Package biblatex Info: ... file 'english.lbx' found.

(C:\Users\Пользователь\AppData\Local\Programs\MiKTeX\tex/latex/bibl
atex/lbx\english.lbx
File: english.lbx 2025/07/10 v3.21 biblatex localization (PK/MW)
)
Package biblatex Info: Trying to load language 'english'...
Package biblatex Info: ... file 'english.lbx' found.

(C:\Users\Пользователь\AppData\Local\Programs\MiKTeX\tex/latex/bibl
atex/lbx\english.lbx
File: english.lbx 2025/07/10 v3.21 biblatex localization (PK/MW)
))
Package biblatex Info: Trying to load language 'russian' -> 'russian-gost'...
Package biblatex Info: ... file 'russian-gost.lbx' found.

(C:\Program Files\MiKTeX\tex/latex/biblatex-gost/lbx\russian-gost.lbx
File: russian-gost.lbx 2023/04/25 v1.24 biblatex-gost styles
Package biblatex Info: Trying to load language 'russian'...
Package biblatex Info: ... file 'russian.lbx' found.

(C:\Users\Пользователь\AppData\Local\Programs\MiKTeX\tex/latex/bibl
atex/lbx\russian.lbx
File: russian.lbx 2025/07/10 v3.21 biblatex localization (PK/MW)
)
Package biblatex Info: Trying to load language 'russian'...
Package biblatex Info: ... file 'russian.lbx' found.

(C:\Users\Пользователь\AppData\Local\Programs\MiKTeX\tex/latex/bibl
atex/lbx\russian.lbx
File: russian.lbx 2025/07/10 v3.21 biblatex localization (PK/MW)
))
Package biblatex Info: Input encoding 'utf8' detected.
Package biblatex Info: Automatic encoding selection.
(biblatex)             Assuming data encoding 'utf8'.
\openout3 = `report.bcf'.

Package biblatex Info: Trying to load bibliographic data...
Package biblatex Info: ... file 'report.bbl' found.
 (report.bbl)
Package biblatex Info: Reference section=0 on input line 146.
Package biblatex Info: Reference segment=0 on input line 146.

(C:\Users\Пользователь\AppData\Local\Programs\MiKTeX\tex/context/ba
se/mkii\supp-pdf.mkii
[Loading MPS to PDF converter (version 2006.09.02).]
\scratchcounter=\count491
\scratchdimen=\dimen257
\scratchbox=\box64
\nofMPsegments=\count492
\nofMParguments=\count493
\everyMPshowfont=\toks31
\MPscratchCnt=\count494
\MPscratchDim=\dimen258
\MPnumerator=\count495
\makeMPintoPDFobject=\count496
\everyMPtoPDFconversion=\toks32
)
(C:\Users\Пользователь\AppData\Local\Programs\MiKTeX\tex/latex/epst
opdf-pkg\epstopdf-base.sty
Package: epstopdf-base 2020-01-24 v2.11 Base part for package epstopdf
Package epstopdf-base Info: Redefining graphics rule for `.eps' on input line 4
85.

(C:\Users\Пользователь\AppData\Local\Programs\MiKTeX\tex/latex/00mi
ktex\epstopdf-sys.cfg
File: epstopdf-sys.cfg 2021/03/18 v2.0 Configuration of epstopdf for MiKTeX
))
Package hyperref Info: Link coloring ON on input line 146.
 (report.out) (report.out)
\@outlinefile=\write4
\openout4 = `report.out'.

\c@lstlisting=\count497
Package caption Info: Begin \AtBeginDocument code.
Package caption Info: End \AtBeginDocument code.
LaTeX Font Info:    Trying to load font information for U+msa on input line 191
.

(C:\Users\Пользователь\AppData\Local\Programs\MiKTeX\tex/latex/amsf
onts\umsa.fd
File: umsa.fd 2013/01/14 v3.01 AMS symbols A
)
LaTeX Font Info:    Trying to load font information for U+msb on input line 191
.

(C:\Users\Пользователь\AppData\Local\Programs\MiKTeX\tex/latex/amsf
onts\umsb.fd
File: umsb.fd 2013/01/14 v3.01 AMS symbols B
)

[1

{C:/Users/Пользователь/AppData/Local/MiKTeX/fonts/map/pdftex/pdftex
.map}] (report.toc)
\tf@toc=\write5
\openout5 = `report.toc'.




Package fancyhdr Warning: \headheight is too small (12.0pt): 
(fancyhdr)                Make it at least 13.59999pt, for example:
(fancyhdr)                \setlength{\headheight}{13.59999pt}.
(fancyhdr)                You might also make \topmargin smaller:
(fancyhdr)                \addtolength{\topmargin}{-1.59999pt}.


pdfTeX warning (ext4): destination with the same identifier (name{page.1}) has 
been already used, duplicate ignored
<to be read again> 
                   \relax 
l.205 \newpage
               [1]


Package fancyhdr Warning: \headheight is too small (12.0pt): 
(fancyhdr)                Make it at least 13.59999pt, for example:
(fancyhdr)                \setlength{\headheight}{13.59999pt}.
(fancyhdr)                You might also make \topmargin smaller:
(fancyhdr)                \addtolength{\topmargin}{-1.59999pt}.

[2]
Overfull \hbox (38.42393pt too wide) in paragraph at lines 212--213
[]\T2A/cmr/m/n/12 ���������� ������������� �������� ������ ������ ���������� ��
����� � �����������
 []


Overfull \hbox (72.03383pt too wide) in paragraph at lines 216--217
[]\T2A/cmr/m/n/12 ����� ������ ������������ ������ �������� �������� ������� ��
���� � ������������������
 []


Overfull \hbox (1.21683pt too wide) in paragraph at lines 216--217
\T2A/cmr/m/n/12 �������� � ������� La-TeX, �������� ������������ Bib-TeX � bibl
a-tex ��� �������������
 []

LaTeX Font Info:    Trying to load font information for T2A+cmtt on input line 
223.
(C:\Program Files\MiKTeX\tex/latex/cyrillic\t2acmtt.fd
File: t2acmtt.fd 2001/08/11 v1.0a Computer Modern Cyrillic font definitions
)


Package fancyhdr Warning: \headheight is too small (12.0pt): 
(fancyhdr)                Make it at least 13.59999pt, for example:
(fancyhdr)                \setlength{\headheight}{13.59999pt}.
(fancyhdr)                You might also make \topmargin smaller:
(fancyhdr)                \addtolength{\topmargin}{-1.59999pt}.

[3]
Overfull \hbox (0.56462pt too wide) in paragraph at lines 259--260
[]\T2A/cmr/m/n/12 ��������� �������� �������� ������ ��� Bib-TeX ��������� � ��
��������� ������
 []


Overfull \hbox (4.80995pt too wide) in paragraph at lines 263--264
[]\T2A/cmr/m/n/12 Biblatex ^^V ��� ����������� ������������ Bib-TeX, ����������
����� �����������
 []


(C:\Users\Пользователь\AppData\Local\Programs\MiKTeX\tex/latex/list
ings\lstlang1.sty
File: lstlang1.sty 2024/09/23 1.10c listings language file
)
(C:\Users\Пользователь\AppData\Local\Programs\MiKTeX\tex/latex/list
ings\lstlang2.sty
File: lstlang2.sty 2024/09/23 1.10c listings language file
)
(C:\Users\Пользователь\AppData\Local\Programs\MiKTeX\tex/latex/list
ings\lstlang3.sty
File: lstlang3.sty 2024/09/23 1.10c listings language file
)
(C:\Users\Пользователь\AppData\Local\Programs\MiKTeX\tex/latex/list
ings\lstlang1.sty
File: lstlang1.sty 2024/09/23 1.10c listings language file
)
(C:\Users\Пользователь\AppData\Local\Programs\MiKTeX\tex/latex/list
ings\lstlang2.sty
File: lstlang2.sty 2024/09/23 1.10c listings language file
)
(C:\Users\Пользователь\AppData\Local\Programs\MiKTeX\tex/latex/list
ings\lstlang3.sty
File: lstlang3.sty 2024/09/23 1.10c listings language file
)
(C:\Users\Пользователь\AppData\Local\Programs\MiKTeX\tex/latex/list
ings\lstlang1.sty
File: lstlang1.sty 2024/09/23 1.10c listings language file
)
(C:\Users\Пользователь\AppData\Local\Programs\MiKTeX\tex/latex/list
ings\lstlang2.sty
File: lstlang2.sty 2024/09/23 1.10c listings language file
)
(C:\Users\Пользователь\AppData\Local\Programs\MiKTeX\tex/latex/list
ings\lstlang3.sty
File: lstlang3.sty 2024/09/23 1.10c listings language file
)
(C:\Users\Пользователь\AppData\Local\Programs\MiKTeX\tex/latex/list
ings\lstmisc.sty
File: lstmisc.sty 2024/09/23 1.10c (Carsten Heinz)
)
Package hyperref Info: bookmark level for unknown lstlisting defaults to 0 on i
nput line 277.


! LaTeX Error: Invalid UTF-8 byte sequence (�\expandafter).

See the LaTeX manual or LaTeX Companion for explanation.
Type  H <return>  for immediate help.
 ...                                              
                                                  
l.278 @ТИП_
              ИСТОЧНИКА{ключ_цитирования,
? 

! LaTeX Error: Invalid UTF-8 byte "A2.

See the LaTeX manual or LaTeX Companion for explanation.
Type  H <return>  for immediate help.
 ...                                              
                                                  
l.278 @ТИП_
              ИСТОЧНИКА{ключ_цитирования,
? 

! LaTeX Error: Invalid UTF-8 byte sequence (�\expandafter).

See the LaTeX manual or LaTeX Companion for explanation.
Type  H <return>  for immediate help.
 ...                                              
                                                  
l.278 @ТИП_
              ИСТОЧНИКА{ключ_цитирования,
? 

! LaTeX Error: Invalid UTF-8 byte "98.

See the LaTeX manual or LaTeX Companion for explanation.
Type  H <return>  for immediate help.
 ...                                              
                                                  
l.278 @ТИП_
              ИСТОЧНИКА{ключ_цитирования,
? 

! LaTeX Error: Invalid UTF-8 byte sequence (�\expandafter).

See the LaTeX manual or LaTeX Companion for explanation.
Type  H <return>  for immediate help.
 ...                                              
                                                  
l.278 @ТИП_
              ИСТОЧНИКА{ключ_цитирования,
? 

! LaTeX Error: Invalid UTF-8 byte "9F.

See the LaTeX manual or LaTeX Companion for explanation.
Type  H <return>  for immediate help.
 ...                                              
                                                  
l.278 @ТИП_
              ИСТОЧНИКА{ключ_цитирования,
? 

! LaTeX Error: Invalid UTF-8 byte sequence (�\lst@FillFixed@).

See the LaTeX manual or LaTeX Companion for explanation.
Type  H <return>  for immediate help.
 ...                                              
                                                  
l.278 @ТИП_ИСТОЧНИКА{
                                 ключ_цитирования,
? 

! LaTeX Error: Invalid UTF-8 byte "98.

See the LaTeX manual or LaTeX Companion for explanation.
Type  H <return>  for immediate help.
 ...                                              
                                                  
l.278 @ТИП_ИСТОЧНИКА{
                                 ключ_цитирования,
? 

! LaTeX Error: Invalid UTF-8 byte sequence (�\lst@EC�).

See the LaTeX manual or LaTeX Companion for explanation.
Type  H <return>  for immediate help.
 ...                                              
                                                  
l.278 @ТИП_ИСТОЧНИКА{
                                 ключ_цитирования,
? 

! LaTeX Error: Invalid UTF-8 byte sequence (�\lst@EC�).

See the LaTeX manual or LaTeX Companion for explanation.
Type  H <return>  for immediate help.
 ...                                              
                                                  
l.278 @ТИП_ИСТОЧНИКА{
                                 ключ_цитирования,
? 

! LaTeX Error: Invalid UTF-8 byte sequence (�\lst@EC�).

See the LaTeX manual or LaTeX Companion for explanation.
Type  H <return>  for immediate help.
 ...                                              
                                                  
l.278 @ТИП_ИСТОЧНИКА{
                                 ключ_цитирования,
? 

! LaTeX Error: Invalid UTF-8 byte sequence (�\lst@EC�).

See the LaTeX manual or LaTeX Companion for explanation.
Type  H <return>  for immediate help.
 ...                                              
                                                  
l.278 @ТИП_ИСТОЧНИКА{
                                 ключ_цитирования,
? 

! LaTeX Error: Invalid UTF-8 byte sequence (�\lst@EC�).

See the LaTeX manual or LaTeX Companion for explanation.
Type  H <return>  for immediate help.
 ...                                              
                                                  
l.278 @ТИП_ИСТОЧНИКА{
                                 ключ_цитирования,
? 

! LaTeX Error: Invalid UTF-8 byte sequence (�\lst@EC�).

See the LaTeX manual or LaTeX Companion for explanation.
Type  H <return>  for immediate help.
 ...                                              
                                                  
l.278 @ТИП_ИСТОЧНИКА{
                                 ключ_цитирования,
? 

! LaTeX Error: Invalid UTF-8 byte sequence (�\lst@EC�).

See the LaTeX manual or LaTeX Companion for explanation.
Type  H <return>  for immediate help.
 ...                                              
                                                  
l.278 @ТИП_ИСТОЧНИКА{
                                 ключ_цитирования,
? 

! LaTeX Error: Invalid UTF-8 byte sequence (�\lst@EC�).

See the LaTeX manual or LaTeX Companion for explanation.
Type  H <return>  for immediate help.
 ...                                              
                                                  
l.278 @ТИП_ИСТОЧНИКА{
                                 ключ_цитирования,
? 

! LaTeX Error: Invalid UTF-8 byte sequence (�\lst@FillFixed@).

See the LaTeX manual or LaTeX Companion for explanation.
Type  H <return>  for immediate help.
 ...                                              
                                                  
l.278 @ТИП_ИСТОЧНИКА{ключ_
                                          цитирования,
? 

! LaTeX Error: Invalid UTF-8 byte "BA.

See the LaTeX manual or LaTeX Companion for explanation.
Type  H <return>  for immediate help.
 ...                                              
                                                  
l.278 @ТИП_ИСТОЧНИКА{ключ_
                                          цитирования,
? 

! LaTeX Error: Invalid UTF-8 byte sequence (�\lst@EC�).

See the LaTeX manual or LaTeX Companion for explanation.
Type  H <return>  for immediate help.
 ...                                              
                                                  
l.278 @ТИП_ИСТОЧНИКА{ключ_
                                          цитирования,
? 

! LaTeX Error: Invalid UTF-8 byte sequence (�\lst@EC�).

See the LaTeX manual or LaTeX Companion for explanation.
Type  H <return>  for immediate help.
 ...                                              
                                                  
l.278 @ТИП_ИСТОЧНИКА{ключ_
                                          цитирования,
? 

! LaTeX Error: Invalid UTF-8 byte sequence (�\lst@EC�).

See the LaTeX manual or LaTeX Companion for explanation.
Type  H <return>  for immediate help.
 ...                                              
                                                  
l.278 @ТИП_ИСТОЧНИКА{ключ_
                                          цитирования,
? 

! LaTeX Error: Invalid UTF-8 byte sequence (�\lst@FillFixed@).

See the LaTeX manual or LaTeX Companion for explanation.
Type  H <return>  for immediate help.
 ...                                              
                                                  
l.278 ...НИКА{ключ_цитирования,
                                                  
? 

! LaTeX Error: Invalid UTF-8 byte "86.

See the LaTeX manual or LaTeX Companion for explanation.
Type  H <return>  for immediate help.
 ...                                              
                                                  
l.278 ...НИКА{ключ_цитирования,
                                                  
? 

! LaTeX Error: Invalid UTF-8 byte sequence (�\lst@EC�).

See the LaTeX manual or LaTeX Companion for explanation.
Type  H <return>  for immediate help.
 ...                                              
                                                  
l.278 ...НИКА{ключ_цитирования,
                                                  
? 

! LaTeX Error: Invalid UTF-8 byte sequence (�\lst@EC�).

See the LaTeX manual or LaTeX Companion for explanation.
Type  H <return>  for immediate help.
 ...                                              
                                                  
l.278 ...НИКА{ключ_цитирования,
                                                  
? 

! LaTeX Error: Invalid UTF-8 byte sequence (�\lst@EC�).

See the LaTeX manual or LaTeX Companion for explanation.
Type  H <return>  for immediate help.
 ...                                              
                                                  
l.278 ...НИКА{ключ_цитирования,
                                                  
? 

! LaTeX Error: Invalid UTF-8 byte sequence (�\lst@EC�).

See the LaTeX manual or LaTeX Companion for explanation.
Type  H <return>  for immediate help.
 ...                                              
                                                  
l.278 ...НИКА{ключ_цитирования,
                                                  
? 

! LaTeX Error: Invalid UTF-8 byte sequence (�\lst@EC�).

See the LaTeX manual or LaTeX Companion for explanation.
Type  H <return>  for immediate help.
 ...                                              
                                                  
l.278 ...НИКА{ключ_цитирования,
                                                  
? 

! LaTeX Error: Invalid UTF-8 byte sequence (�\lst@EC�).

See the LaTeX manual or LaTeX Companion for explanation.
Type  H <return>  for immediate help.
 ...                                              
                                                  
l.278 ...НИКА{ключ_цитирования,
                                                  
? 

! LaTeX Error: Invalid UTF-8 byte sequence (�\lst@EC�).

See the LaTeX manual or LaTeX Companion for explanation.
Type  H <return>  for immediate help.
 ...                                              
                                                  
l.278 ...НИКА{ключ_цитирования,
                                                  
? 

! LaTeX Error: Invalid UTF-8 byte sequence (�\lst@EC�).

See the LaTeX manual or LaTeX Companion for explanation.
Type  H <return>  for immediate help.
 ...                                              
                                                  
l.278 ...НИКА{ключ_цитирования,
                                                  
? 

! LaTeX Error: Invalid UTF-8 byte sequence (�\lst@EC�).

See the LaTeX manual or LaTeX Companion for explanation.
Type  H <return>  for immediate help.
 ...                                              
                                                  
l.278 ...НИКА{ключ_цитирования,
                                                  
? 

! LaTeX Error: Invalid UTF-8 byte sequence (�\lst@EC�).

See the LaTeX manual or LaTeX Companion for explanation.
Type  H <return>  for immediate help.
 ...                                              
                                                  
l.278 ...НИКА{ключ_цитирования,
                                                  
? 

! LaTeX Error: Invalid UTF-8 byte sequence (�\lst@FillFixed@).

See the LaTeX manual or LaTeX Companion for explanation.
Type  H <return>  for immediate help.
 ...                                              
                                                  
l.279   поле1
                  = {значение1},
? 

! LaTeX Error: Invalid UTF-8 byte "BF.

See the LaTeX manual or LaTeX Companion for explanation.
Type  H <return>  for immediate help.
 ...                                              
                                                  
l.279   поле1
                  = {значение1},
? 

! LaTeX Error: Invalid UTF-8 byte sequence (�\lst@EC�).

See the LaTeX manual or LaTeX Companion for explanation.
Type  H <return>  for immediate help.
 ...                                              
                                                  
l.279   поле1
                  = {значение1},
? 

! LaTeX Error: Invalid UTF-8 byte sequence (�\lst@EC�).

See the LaTeX manual or LaTeX Companion for explanation.
Type  H <return>  for immediate help.
 ...                                              
                                                  
l.279   поле1
                  = {значение1},
? 

! LaTeX Error: Invalid UTF-8 byte sequence (�\lst@EC�).

See the LaTeX manual or LaTeX Companion for explanation.
Type  H <return>  for immediate help.
 ...                                              
                                                  
l.279   поле1
                  = {значение1},
? 

! LaTeX Error: Invalid UTF-8 byte sequence (�\lst@FillFixed@).

See the LaTeX manual or LaTeX Companion for explanation.
Type  H <return>  for immediate help.
 ...                                              
                                                  
l.279   поле1 = {значение1
                                      },
? 

! LaTeX Error: Invalid UTF-8 byte "B7.

See the LaTeX manual or LaTeX Companion for explanation.
Type  H <return>  for immediate help.
 ...                                              
                                                  
l.279   поле1 = {значение1
                                      },
? 

! LaTeX Error: Invalid UTF-8 byte sequence (�\lst@EC�).

See the LaTeX manual or LaTeX Companion for explanation.
Type  H <return>  for immediate help.
 ...                                              
                                                  
l.279   поле1 = {значение1
                                      },
? 

! LaTeX Error: Invalid UTF-8 byte sequence (�\lst@EC�).

See the LaTeX manual or LaTeX Companion for explanation.
Type  H <return>  for immediate help.
 ...                                              
                                                  
l.279   поле1 = {значение1
                                      },
? 

! LaTeX Error: Invalid UTF-8 byte sequence (�\lst@EC�).

See the LaTeX manual or LaTeX Companion for explanation.
Type  H <return>  for immediate help.
 ...                                              
                                                  
l.279   поле1 = {значение1
                                      },
? 

! LaTeX Error: Invalid UTF-8 byte sequence (�\lst@EC�).

See the LaTeX manual or LaTeX Companion for explanation.
Type  H <return>  for immediate help.
 ...                                              
                                                  
l.279   поле1 = {значение1
                                      },
? 

! LaTeX Error: Invalid UTF-8 byte sequence (�\lst@EC�).

See the LaTeX manual or LaTeX Companion for explanation.
Type  H <return>  for immediate help.
 ...                                              
                                                  
l.279   поле1 = {значение1
                                      },
? 

! LaTeX Error: Invalid UTF-8 byte sequence (�\lst@EC�).

See the LaTeX manual or LaTeX Companion for explanation.
Type  H <return>  for immediate help.
 ...                                              
                                                  
l.279   поле1 = {значение1
                                      },
? 

! LaTeX Error: Invalid UTF-8 byte sequence (�\lst@EC�).

See the LaTeX manual or LaTeX Companion for explanation.
Type  H <return>  for immediate help.
 ...                                              
                                                  
l.279   поле1 = {значение1
                                      },
? 

! LaTeX Error: Invalid UTF-8 byte sequence (�\lst@FillFixed@).

See the LaTeX manual or LaTeX Companion for explanation.
Type  H <return>  for immediate help.
 ...                                              
                                                  
l.280   поле2
                  = {значение2},
? 

! LaTeX Error: Invalid UTF-8 byte "BF.

See the LaTeX manual or LaTeX Companion for explanation.
Type  H <return>  for immediate help.
 ...                                              
                                                  
l.280   поле2
                  = {значение2},
? 

! LaTeX Error: Invalid UTF-8 byte sequence (�\lst@EC�).

See the LaTeX manual or LaTeX Companion for explanation.
Type  H <return>  for immediate help.
 ...                                              
                                                  
l.280   поле2
                  = {значение2},
? 

! LaTeX Error: Invalid UTF-8 byte sequence (�\lst@EC�).

See the LaTeX manual or LaTeX Companion for explanation.
Type  H <return>  for immediate help.
 ...                                              
                                                  
l.280   поле2
                  = {значение2},
? 

! LaTeX Error: Invalid UTF-8 byte sequence (�\lst@EC�).

See the LaTeX manual or LaTeX Companion for explanation.
Type  H <return>  for immediate help.
 ...                                              
                                                  
l.280   поле2
                  = {значение2},
? 

! LaTeX Error: Invalid UTF-8 byte sequence (�\lst@FillFixed@).

See the LaTeX manual or LaTeX Companion for explanation.
Type  H <return>  for immediate help.
 ...                                              
                                                  
l.280   поле2 = {значение2
                                      },
? 

! LaTeX Error: Invalid UTF-8 byte "B7.

See the LaTeX manual or LaTeX Companion for explanation.
Type  H <return>  for immediate help.
 ...                                              
                                                  
l.280   поле2 = {значение2
                                      },
? 

! LaTeX Error: Invalid UTF-8 byte sequence (�\lst@EC�).

See the LaTeX manual or LaTeX Companion for explanation.
Type  H <return>  for immediate help.
 ...                                              
                                                  
l.280   поле2 = {значение2
                                      },
? 

! LaTeX Error: Invalid UTF-8 byte sequence (�\lst@EC�).

See the LaTeX manual or LaTeX Companion for explanation.
Type  H <return>  for immediate help.
 ...                                              
                                                  
l.280   поле2 = {значение2
                                      },
? 

! LaTeX Error: Invalid UTF-8 byte sequence (�\lst@EC�).

See the LaTeX manual or LaTeX Companion for explanation.
Type  H <return>  for immediate help.
 ...                                              
                                                  
l.280   поле2 = {значение2
                                      },
? 

! LaTeX Error: Invalid UTF-8 byte sequence (�\lst@EC�).

See the LaTeX manual or LaTeX Companion for explanation.
Type  H <return>  for immediate help.
 ...                                              
                                                  
l.280   поле2 = {значение2
                                      },
? 

! LaTeX Error: Invalid UTF-8 byte sequence (�\lst@EC�).

See the LaTeX manual or LaTeX Companion for explanation.
Type  H <return>  for immediate help.
 ...                                              
                                                  
l.280   поле2 = {значение2
                                      },
? 

! LaTeX Error: Invalid UTF-8 byte sequence (�\lst@EC�).

See the LaTeX manual or LaTeX Companion for explanation.
Type  H <return>  for immediate help.
 ...                                              
                                                  
l.280   поле2 = {значение2
                                      },
? 

! LaTeX Error: Invalid UTF-8 byte sequence (�\lst@EC�).

See the LaTeX manual or LaTeX Companion for explanation.
Type  H <return>  for immediate help.
 ...                                              
                                                  
l.280   поле2 = {значение2
                                      },
? 

! LaTeX Error: Invalid UTF-8 byte sequence (�\lst@FillFixed@).

See the LaTeX manual or LaTeX Companion for explanation.
Type  H <return>  for immediate help.
 ...                                              
                                                  
l.281   поле3
                  = {значение3}
? 

! LaTeX Error: Invalid UTF-8 byte "BF.

See the LaTeX manual or LaTeX Companion for explanation.
Type  H <return>  for immediate help.
 ...                                              
                                                  
l.281   поле3
                  = {значение3}
? 

! LaTeX Error: Invalid UTF-8 byte sequence (�\lst@EC�).

See the LaTeX manual or LaTeX Companion for explanation.
Type  H <return>  for immediate help.
 ...                                              
                                                  
l.281   поле3
                  = {значение3}
? 

! LaTeX Error: Invalid UTF-8 byte sequence (�\lst@EC�).

See the LaTeX manual or LaTeX Companion for explanation.
Type  H <return>  for immediate help.
 ...                                              
                                                  
l.281   поле3
                  = {значение3}
? 

! LaTeX Error: Invalid UTF-8 byte sequence (�\lst@EC�).

See the LaTeX manual or LaTeX Companion for explanation.
Type  H <return>  for immediate help.
 ...                                              
                                                  
l.281   поле3
                  = {значение3}
? 

! LaTeX Error: Invalid UTF-8 byte sequence (�\lst@FillFixed@).

See the LaTeX manual or LaTeX Companion for explanation.
Type  H <return>  for immediate help.
 ...                                              
                                                  
l.281   поле3 = {значение3
                                      }
? 

! LaTeX Error: Invalid UTF-8 byte "B7.

See the LaTeX manual or LaTeX Companion for explanation.
Type  H <return>  for immediate help.
 ...                                              
                                                  
l.281   поле3 = {значение3
                                      }
? 

! LaTeX Error: Invalid UTF-8 byte sequence (�\lst@EC�).

See the LaTeX manual or LaTeX Companion for explanation.
Type  H <return>  for immediate help.
 ...                                              
                                                  
l.281   поле3 = {значение3
                                      }
? 

! LaTeX Error: Invalid UTF-8 byte sequence (�\lst@EC�).

See the LaTeX manual or LaTeX Companion for explanation.
Type  H <return>  for immediate help.
 ...                                              
                                                  
l.281   поле3 = {значение3
                                      }
? 

! LaTeX Error: Invalid UTF-8 byte sequence (�\lst@EC�).

See the LaTeX manual or LaTeX Companion for explanation.
Type  H <return>  for immediate help.
 ...                                              
                                                  
l.281   поле3 = {значение3
                                      }
? 

! LaTeX Error: Invalid UTF-8 byte sequence (�\lst@EC�).

See the LaTeX manual or LaTeX Companion for explanation.
Type  H <return>  for immediate help.
 ...                                              
                                                  
l.281   поле3 = {значение3
                                      }
? 

! LaTeX Error: Invalid UTF-8 byte sequence (�\lst@EC�).

See the LaTeX manual or LaTeX Companion for explanation.
Type  H <return>  for immediate help.
 ...                                              
                                                  
l.281   поле3 = {значение3
                                      }
? 

! LaTeX Error: Invalid UTF-8 byte sequence (�\lst@EC�).

See the LaTeX manual or LaTeX Companion for explanation.
Type  H <return>  for immediate help.
 ...                                              
                                                  
l.281   поле3 = {значение3
                                      }
? 

! LaTeX Error: Invalid UTF-8 byte sequence (�\lst@EC�).

See the LaTeX manual or LaTeX Companion for explanation.
Type  H <return>  for immediate help.
 ...                                              
                                                  
l.281   поле3 = {значение3
                                      }
? 

Underfull \hbox (badness 2080) in paragraph at lines 297--298
[]|\T2A/cmr/m/n/12 ������ � ������� ��� �������������
 []


Underfull \hbox (badness 2547) in paragraph at lines 303--304
[]|\T2A/cmr/m/n/12 ��������, �� ���������� ��� ������
 []




Package fancyhdr Warning: \headheight is too small (12.0pt): 
(fancyhdr)                Make it at least 13.59999pt, for example:
(fancyhdr)                \setlength{\headheight}{13.59999pt}.
(fancyhdr)                You might also make \topmargin smaller:
(fancyhdr)                \addtolength{\topmargin}{-1.59999pt}.

[4]
Overfull \hbox (26.40533pt too wide) in paragraph at lines 340--341
[]\T2A/cmr/m/n/12 ��� ���������� ������������ ������ ��� ������ ���� \T2A/cmtt/
m/n/12 references.bib\T2A/cmr/m/n/12 , ����������
 []


Overfull \hbox (7.75168pt too wide) in paragraph at lines 352--353
[]\T2A/cmr/m/n/12 � ��������� ��������� ��� ��������� ����� bibla-tex � �������
��� �����������: 
 []




Package fancyhdr Warning: \headheight is too small (12.0pt): 
(fancyhdr)                Make it at least 13.59999pt, for example:
(fancyhdr)                \setlength{\headheight}{13.59999pt}.
(fancyhdr)                You might also make \topmargin smaller:
(fancyhdr)                \addtolength{\topmargin}{-1.59999pt}.

[5]
Overfull \hbox (14.97646pt too wide) in paragraph at lines 381--382
[]\T2A/cmr/m/n/12 ����������� ������������ La-TeX �������� �� ����� ������� [[]
[]1[][]]. ��� ����������
 []


Overfull \hbox (2.20142pt too wide) in paragraph at lines 383--384
[]\T2A/cmr/m/n/12 ������������� ������������ ����� ���������� � �������� [[][]1
3[][]] � ����� ���������
 []




Package fancyhdr Warning: \headheight is too small (12.0pt): 
(fancyhdr)                Make it at least 13.59999pt, for example:
(fancyhdr)                \setlength{\headheight}{13.59999pt}.
(fancyhdr)                You might also make \topmargin smaller:
(fancyhdr)                \addtolength{\topmargin}{-1.59999pt}.

[6]
(C:\Users\Пользователь\AppData\Local\Programs\MiKTeX\tex/latex/list
ings\lstlang1.sty
File: lstlang1.sty 2024/09/23 1.10c listings language file
)
(C:\Users\Пользователь\AppData\Local\Programs\MiKTeX\tex/latex/list
ings\lstlang1.sty
File: lstlang1.sty 2024/09/23 1.10c listings language file
)
Overfull \hbox (10.74583pt too wide) in paragraph at lines 408--409
\T2A/cmr/m/n/12 ������������ ������������������ ��������. ��� ����������� � ���
��� �������������
 []


Overfull \hbox (4.05824pt too wide) in paragraph at lines 423--424
[]\T2A/cmr/bx/n/12 ����������������� \T2A/cmr/m/n/12 ^^V ���� ���� \T2A/cmtt/m/
n/12 .bib \T2A/cmr/m/n/12 ����� ������������ � ������ ���������� 
 []




Package fancyhdr Warning: \headheight is too small (12.0pt): 
(fancyhdr)                Make it at least 13.59999pt, for example:
(fancyhdr)                \setlength{\headheight}{13.59999pt}.
(fancyhdr)                You might also make \topmargin smaller:
(fancyhdr)                \addtolength{\topmargin}{-1.59999pt}.

[7]
Overfull \hbox (7.85323pt too wide) in paragraph at lines 457--458
[]\T2A/cmr/m/n/12 ������������ ��������� ������������ (JabRef, Zotero) ��� ����
������ ��������
 []


Overfull \hbox (9.93211pt too wide) in paragraph at lines 469--470
\T2A/cmr/m/n/12 ������������������ ������� ���������� �������������. ������ ���
�������� ��������
 []




Package fancyhdr Warning: \headheight is too small (12.0pt): 
(fancyhdr)                Make it at least 13.59999pt, for example:
(fancyhdr)                \setlength{\headheight}{13.59999pt}.
(fancyhdr)                You might also make \topmargin smaller:
(fancyhdr)                \addtolength{\topmargin}{-1.59999pt}.

[8]
Overfull \hbox (6.51094pt too wide) in paragraph at lines 479--479
[]\T2A/cmr/m/it/12 Lamport L. \T2A/cmr/m/n/12 La-TeX: A Doc-u-ment Prepa-ra-tio
n Sys-tem. ^^V 2nd. ^^V Read-ing, Mas-sachusetts :
 []


Overfull \hbox (4.04774pt too wide) in paragraph at lines 479--479
[]\T2A/cmr/m/it/12 Dijkstra E. W. \T2A/cmr/m/n/12 Go To State-ment Con-sid-ered
 Harm-ful [] Com-mu-ni-ca-tions of the ACM. ^^V
 []


Overfull \hbox (6.20042pt too wide) in paragraph at lines 479--479
[]\T2A/cmr/m/it/12 ���������� La-TeX.ru\T2A/cmr/m/n/12 . La-TeX.ru ^^V ��������
����� ���������� ������������� TeX. ^^V
 []




Package fancyhdr Warning: \headheight is too small (12.0pt): 
(fancyhdr)                Make it at least 13.59999pt, for example:
(fancyhdr)                \setlength{\headheight}{13.59999pt}.
(fancyhdr)                You might also make \topmargin smaller:
(fancyhdr)                \addtolength{\topmargin}{-1.59999pt}.

[9]

! LaTeX Error: Invalid UTF-8 byte sequence (�\lst@FillFixed@\lst@EC�).

See the LaTeX manual or LaTeX Companion for explanation.
Type  H <return>  for immediate help.
 ...                                              
                                                  
l.520   title   = {LaTeX – 
                             A document preparation system},
? 

! LaTeX Error: Invalid UTF-8 byte "93.

See the LaTeX manual or LaTeX Companion for explanation.
Type  H <return>  for immediate help.
 ...                                              
                                                  
l.520   title   = {LaTeX – 
                             A document preparation system},
? 

! LaTeX Error: Invalid UTF-8 byte sequence (�\lst@FillFixed@).

See the LaTeX manual or LaTeX Companion for explanation.
Type  H <return>  for immediate help.
 ...                                              
                                                  
l.532 # Первая 
                     компиляция LaTeX
? 

! LaTeX Error: Invalid UTF-8 byte "9F.

See the LaTeX manual or LaTeX Companion for explanation.
Type  H <return>  for immediate help.
 ...                                              
                                                  
l.532 # Первая 
                     компиляция LaTeX
? 

! LaTeX Error: Invalid UTF-8 byte sequence (�\lst@EC�).

See the LaTeX manual or LaTeX Companion for explanation.
Type  H <return>  for immediate help.
 ...                                              
                                                  
l.532 # Первая 
                     компиляция LaTeX
? 

! LaTeX Error: Invalid UTF-8 byte sequence (�\lst@EC�).

See the LaTeX manual or LaTeX Companion for explanation.
Type  H <return>  for immediate help.
 ...                                              
                                                  
l.532 # Первая 
                     компиляция LaTeX
? 

! LaTeX Error: Invalid UTF-8 byte sequence (�\lst@EC�).

See the LaTeX manual or LaTeX Companion for explanation.
Type  H <return>  for immediate help.
 ...                                              
                                                  
l.532 # Первая 
                     компиляция LaTeX
? 

! LaTeX Error: Invalid UTF-8 byte sequence (�\lst@EC�).

See the LaTeX manual or LaTeX Companion for explanation.
Type  H <return>  for immediate help.
 ...                                              
                                                  
l.532 # Первая 
                     компиляция LaTeX
? 

! LaTeX Error: Invalid UTF-8 byte sequence (�\lst@EC�).

See the LaTeX manual or LaTeX Companion for explanation.
Type  H <return>  for immediate help.
 ...                                              
                                                  
l.532 # Первая 
                     компиляция LaTeX
? 

! LaTeX Error: Invalid UTF-8 byte sequence (�\lst@FillFixed@).

See the LaTeX manual or LaTeX Companion for explanation.
Type  H <return>  for immediate help.
 ...                                              
                                                  
l.532 # Первая компиляция 
                                          LaTeX
? 

! LaTeX Error: Invalid UTF-8 byte "BA.

See the LaTeX manual or LaTeX Companion for explanation.
Type  H <return>  for immediate help.
 ...                                              
                                                  
l.532 # Первая компиляция 
                                          LaTeX
? 

! LaTeX Error: Invalid UTF-8 byte sequence (�\lst@EC�).

See the LaTeX manual or LaTeX Companion for explanation.
Type  H <return>  for immediate help.
 ...                                              
                                                  
l.532 # Первая компиляция 
                                          LaTeX
? 

! LaTeX Error: Invalid UTF-8 byte sequence (�\lst@EC�).

See the LaTeX manual or LaTeX Companion for explanation.
Type  H <return>  for immediate help.
 ...                                              
                                                  
l.532 # Первая компиляция 
                                          LaTeX
? 

! LaTeX Error: Invalid UTF-8 byte sequence (�\lst@EC�).

See the LaTeX manual or LaTeX Companion for explanation.
Type  H <return>  for immediate help.
 ...                                              
                                                  
l.532 # Первая компиляция 
                                          LaTeX
? 

! LaTeX Error: Invalid UTF-8 byte sequence (�\lst@EC�).

See the LaTeX manual or LaTeX Companion for explanation.
Type  H <return>  for immediate help.
 ...                                              
                                                  
l.532 # Первая компиляция 
                                          LaTeX
? 

! LaTeX Error: Invalid UTF-8 byte sequence (�\lst@EC�).

See the LaTeX manual or LaTeX Companion for explanation.
Type  H <return>  for immediate help.
 ...                                              
                                                  
l.532 # Первая компиляция 
                                          LaTeX
? 

! LaTeX Error: Invalid UTF-8 byte sequence (�\lst@EC�).

See the LaTeX manual or LaTeX Companion for explanation.
Type  H <return>  for immediate help.
 ...                                              
                                                  
l.532 # Первая компиляция 
                                          LaTeX
? 

! LaTeX Error: Invalid UTF-8 byte sequence (�\lst@EC�).

See the LaTeX manual or LaTeX Companion for explanation.
Type  H <return>  for immediate help.
 ...                                              
                                                  
l.532 # Первая компиляция 
                                          LaTeX
? 

! LaTeX Error: Invalid UTF-8 byte sequence (�\lst@EC�).

See the LaTeX manual or LaTeX Companion for explanation.
Type  H <return>  for immediate help.
 ...                                              
                                                  
l.532 # Первая компиляция 
                                          LaTeX
? 

! LaTeX Error: Invalid UTF-8 byte sequence (�\lst@EC�).

See the LaTeX manual or LaTeX Companion for explanation.
Type  H <return>  for immediate help.
 ...                                              
                                                  
l.532 # Первая компиляция 
                                          LaTeX
? 

! LaTeX Error: Invalid UTF-8 byte sequence (�\lst@FillFixed@).

See the LaTeX manual or LaTeX Companion for explanation.
Type  H <return>  for immediate help.
 ...                                              
                                                  
l.535 # Обработка 
                           библиографии
? 

! LaTeX Error: Invalid UTF-8 byte "9E.

See the LaTeX manual or LaTeX Companion for explanation.
Type  H <return>  for immediate help.
 ...                                              
                                                  
l.535 # Обработка 
                           библиографии
? 

! LaTeX Error: Invalid UTF-8 byte sequence (�\lst@EC�).

See the LaTeX manual or LaTeX Companion for explanation.
Type  H <return>  for immediate help.
 ...                                              
                                                  
l.535 # Обработка 
                           библиографии
? 

! LaTeX Error: Invalid UTF-8 byte sequence (�\lst@EC�).

See the LaTeX manual or LaTeX Companion for explanation.
Type  H <return>  for immediate help.
 ...                                              
                                                  
l.535 # Обработка 
                           библиографии
? 

! LaTeX Error: Invalid UTF-8 byte sequence (�\lst@EC�).

See the LaTeX manual or LaTeX Companion for explanation.
Type  H <return>  for immediate help.
 ...                                              
                                                  
l.535 # Обработка 
                           библиографии
? 

! LaTeX Error: Invalid UTF-8 byte sequence (�\lst@EC�).

See the LaTeX manual or LaTeX Companion for explanation.
Type  H <return>  for immediate help.
 ...                                              
                                                  
l.535 # Обработка 
                           библиографии
? 

! LaTeX Error: Invalid UTF-8 byte sequence (�\lst@EC�).

See the LaTeX manual or LaTeX Companion for explanation.
Type  H <return>  for immediate help.
 ...                                              
                                                  
l.535 # Обработка 
                           библиографии
? 

! LaTeX Error: Invalid UTF-8 byte sequence (�\lst@EC�).

See the LaTeX manual or LaTeX Companion for explanation.
Type  H <return>  for immediate help.
 ...                                              
                                                  
l.535 # Обработка 
                           библиографии
? 

! LaTeX Error: Invalid UTF-8 byte sequence (�\lst@EC�).

See the LaTeX manual or LaTeX Companion for explanation.
Type  H <return>  for immediate help.
 ...                                              
                                                  
l.535 # Обработка 
                           библиографии
? 

! LaTeX Error: Invalid UTF-8 byte sequence (�\lst@EC�).

See the LaTeX manual or LaTeX Companion for explanation.
Type  H <return>  for immediate help.
 ...                                              
                                                  
l.535 # Обработка 
                           библиографии
? 

! LaTeX Error: Invalid UTF-8 byte sequence (�\lst@FillFixed@).

See the LaTeX manual or LaTeX Companion for explanation.
Type  H <return>  for immediate help.
 ...                                              
                                                  
l.535 ...бработка библиографии
                                                  
? 

! LaTeX Error: Invalid UTF-8 byte "B1.

See the LaTeX manual or LaTeX Companion for explanation.
Type  H <return>  for immediate help.
 ...                                              
                                                  
l.535 ...бработка библиографии
                                                  
? 

! LaTeX Error: Invalid UTF-8 byte sequence (�\lst@EC�).

See the LaTeX manual or LaTeX Companion for explanation.
Type  H <return>  for immediate help.
 ...                                              
                                                  
l.535 ...бработка библиографии
                                                  
? 

! LaTeX Error: Invalid UTF-8 byte sequence (�\lst@EC�).

See the LaTeX manual or LaTeX Companion for explanation.
Type  H <return>  for immediate help.
 ...                                              
                                                  
l.535 ...бработка библиографии
                                                  
? 

! LaTeX Error: Invalid UTF-8 byte sequence (�\lst@EC�).

See the LaTeX manual or LaTeX Companion for explanation.
Type  H <return>  for immediate help.
 ...                                              
                                                  
l.535 ...бработка библиографии
                                                  
? 

! LaTeX Error: Invalid UTF-8 byte sequence (�\lst@EC�).

See the LaTeX manual or LaTeX Companion for explanation.
Type  H <return>  for immediate help.
 ...                                              
                                                  
l.535 ...бработка библиографии
                                                  
? 

! LaTeX Error: Invalid UTF-8 byte sequence (�\lst@EC�).

See the LaTeX manual or LaTeX Companion for explanation.
Type  H <return>  for immediate help.
 ...                                              
                                                  
l.535 ...бработка библиографии
                                                  
? 

! LaTeX Error: Invalid UTF-8 byte sequence (�\lst@EC�).

See the LaTeX manual or LaTeX Companion for explanation.
Type  H <return>  for immediate help.
 ...                                              
                                                  
l.535 ...бработка библиографии
                                                  
? 

! LaTeX Error: Invalid UTF-8 byte sequence (�\lst@EC�).

See the LaTeX manual or LaTeX Companion for explanation.
Type  H <return>  for immediate help.
 ...                                              
                                                  
l.535 ...бработка библиографии
                                                  
? 

! LaTeX Error: Invalid UTF-8 byte sequence (�\lst@EC�).

See the LaTeX manual or LaTeX Companion for explanation.
Type  H <return>  for immediate help.
 ...                                              
                                                  
l.535 ...бработка библиографии
                                                  
? 

! LaTeX Error: Invalid UTF-8 byte sequence (�\lst@EC�).

See the LaTeX manual or LaTeX Companion for explanation.
Type  H <return>  for immediate help.
 ...                                              
                                                  
l.535 ...бработка библиографии
                                                  
? 

! LaTeX Error: Invalid UTF-8 byte sequence (�\lst@EC�).

See the LaTeX manual or LaTeX Companion for explanation.
Type  H <return>  for immediate help.
 ...                                              
                                                  
l.535 ...бработка библиографии
                                                  
? 

! LaTeX Error: Invalid UTF-8 byte sequence (�\lst@EC�).

See the LaTeX manual or LaTeX Companion for explanation.
Type  H <return>  for immediate help.
 ...                                              
                                                  
l.535 ...бработка библиографии
                                                  
? 



Package fancyhdr Warning: \headheight is too small (12.0pt): 
(fancyhdr)                Make it at least 13.59999pt, for example:
(fancyhdr)                \setlength{\headheight}{13.59999pt}.
(fancyhdr)                You might also make \topmargin smaller:
(fancyhdr)                \addtolength{\topmargin}{-1.59999pt}.

[10]

! LaTeX Error: Invalid UTF-8 byte sequence (�\lst@FillFixed@).

See the LaTeX manual or LaTeX Companion for explanation.
Type  H <return>  for immediate help.
 ...                                              
                                                  
l.538 # Вторая 
                     компиляция LaTeX
? 

! LaTeX Error: Invalid UTF-8 byte "92.

See the LaTeX manual or LaTeX Companion for explanation.
Type  H <return>  for immediate help.
 ...                                              
                                                  
l.538 # Вторая 
                     компиляция LaTeX
? 

! LaTeX Error: Invalid UTF-8 byte sequence (�\lst@EC�).

See the LaTeX manual or LaTeX Companion for explanation.
Type  H <return>  for immediate help.
 ...                                              
                                                  
l.538 # Вторая 
                     компиляция LaTeX
? 

! LaTeX Error: Invalid UTF-8 byte sequence (�\lst@EC�).

See the LaTeX manual or LaTeX Companion for explanation.
Type  H <return>  for immediate help.
 ...                                              
                                                  
l.538 # Вторая 
                     компиляция LaTeX
? 

! LaTeX Error: Invalid UTF-8 byte sequence (�\lst@EC�).

See the LaTeX manual or LaTeX Companion for explanation.
Type  H <return>  for immediate help.
 ...                                              
                                                  
l.538 # Вторая 
                     компиляция LaTeX
? 

! LaTeX Error: Invalid UTF-8 byte sequence (�\lst@EC�).

See the LaTeX manual or LaTeX Companion for explanation.
Type  H <return>  for immediate help.
 ...                                              
                                                  
l.538 # Вторая 
                     компиляция LaTeX
? 

! LaTeX Error: Invalid UTF-8 byte sequence (�\lst@EC�).

See the LaTeX manual or LaTeX Companion for explanation.
Type  H <return>  for immediate help.
 ...                                              
                                                  
l.538 # Вторая 
                     компиляция LaTeX
? 

! LaTeX Error: Invalid UTF-8 byte sequence (�\lst@FillFixed@).

See the LaTeX manual or LaTeX Companion for explanation.
Type  H <return>  for immediate help.
 ...                                              
                                                  
l.538 # Вторая компиляция 
                                          LaTeX
? 

! LaTeX Error: Invalid UTF-8 byte "BA.

See the LaTeX manual or LaTeX Companion for explanation.
Type  H <return>  for immediate help.
 ...                                              
                                                  
l.538 # Вторая компиляция 
                                          LaTeX
? 

! LaTeX Error: Invalid UTF-8 byte sequence (�\lst@EC�).

See the LaTeX manual or LaTeX Companion for explanation.
Type  H <return>  for immediate help.
 ...                                              
                                                  
l.538 # Вторая компиляция 
                                          LaTeX
? 

! LaTeX Error: Invalid UTF-8 byte sequence (�\lst@EC�).

See the LaTeX manual or LaTeX Companion for explanation.
Type  H <return>  for immediate help.
 ...                                              
                                                  
l.538 # Вторая компиляция 
                                          LaTeX
? 

! LaTeX Error: Invalid UTF-8 byte sequence (�\lst@EC�).

See the LaTeX manual or LaTeX Companion for explanation.
Type  H <return>  for immediate help.
 ...                                              
                                                  
l.538 # Вторая компиляция 
                                          LaTeX
? 

! LaTeX Error: Invalid UTF-8 byte sequence (�\lst@EC�).

See the LaTeX manual or LaTeX Companion for explanation.
Type  H <return>  for immediate help.
 ...                                              
                                                  
l.538 # Вторая компиляция 
                                          LaTeX
? 

! LaTeX Error: Invalid UTF-8 byte sequence (�\lst@EC�).

See the LaTeX manual or LaTeX Companion for explanation.
Type  H <return>  for immediate help.
 ...                                              
                                                  
l.538 # Вторая компиляция 
                                          LaTeX
? 

! LaTeX Error: Invalid UTF-8 byte sequence (�\lst@EC�).

See the LaTeX manual or LaTeX Companion for explanation.
Type  H <return>  for immediate help.
 ...                                              
                                                  
l.538 # Вторая компиляция 
                                          LaTeX
? 

! LaTeX Error: Invalid UTF-8 byte sequence (�\lst@EC�).

See the LaTeX manual or LaTeX Companion for explanation.
Type  H <return>  for immediate help.
 ...                                              
                                                  
l.538 # Вторая компиляция 
                                          LaTeX
? 

! LaTeX Error: Invalid UTF-8 byte sequence (�\lst@EC�).

See the LaTeX manual or LaTeX Companion for explanation.
Type  H <return>  for immediate help.
 ...                                              
                                                  
l.538 # Вторая компиляция 
                                          LaTeX
? 

! LaTeX Error: Invalid UTF-8 byte sequence (�\lst@EC�).

See the LaTeX manual or LaTeX Companion for explanation.
Type  H <return>  for immediate help.
 ...                                              
                                                  
l.538 # Вторая компиляция 
                                          LaTeX
? 

! LaTeX Error: Invalid UTF-8 byte sequence (�\lst@FillFixed@).

See the LaTeX manual or LaTeX Companion for explanation.
Type  H <return>  for immediate help.
 ...                                              
                                                  
l.541 # Третья 
                     компиляция для обновления ссы...

? 

! LaTeX Error: Invalid UTF-8 byte "A2.

See the LaTeX manual or LaTeX Companion for explanation.
Type  H <return>  for immediate help.
 ...                                              
                                                  
l.541 # Третья 
                     компиляция для обновления ссы...

? 

! LaTeX Error: Invalid UTF-8 byte sequence (�\lst@EC�).

See the LaTeX manual or LaTeX Companion for explanation.
Type  H <return>  for immediate help.
 ...                                              
                                                  
l.541 # Третья 
                     компиляция для обновления ссы...

? 

! LaTeX Error: Invalid UTF-8 byte sequence (�\lst@EC�).

See the LaTeX manual or LaTeX Companion for explanation.
Type  H <return>  for immediate help.
 ...                                              
                                                  
l.541 # Третья 
                     компиляция для обновления ссы...

? 

! LaTeX Error: Invalid UTF-8 byte sequence (�\lst@EC�).

See the LaTeX manual or LaTeX Companion for explanation.
Type  H <return>  for immediate help.
 ...                                              
                                                  
l.541 # Третья 
                     компиляция для обновления ссы...

? 

! LaTeX Error: Invalid UTF-8 byte sequence (�\lst@EC�).

See the LaTeX manual or LaTeX Companion for explanation.
Type  H <return>  for immediate help.
 ...                                              
                                                  
l.541 # Третья 
                     компиляция для обновления ссы...

? 

! LaTeX Error: Invalid UTF-8 byte sequence (�\lst@EC�).

See the LaTeX manual or LaTeX Companion for explanation.
Type  H <return>  for immediate help.
 ...                                              
                                                  
l.541 # Третья 
                     компиляция для обновления ссы...

? 

! LaTeX Error: Invalid UTF-8 byte sequence (�\lst@FillFixed@).

See the LaTeX manual or LaTeX Companion for explanation.
Type  H <return>  for immediate help.
 ...                                              
                                                  
l.541 # Третья компиляция 
                                          для обновления ссы...

? 

! LaTeX Error: Invalid UTF-8 byte "BA.

See the LaTeX manual or LaTeX Companion for explanation.
Type  H <return>  for immediate help.
 ...                                              
                                                  
l.541 # Третья компиляция 
                                          для обновления ссы...

? 

! LaTeX Error: Invalid UTF-8 byte sequence (�\lst@EC�).

See the LaTeX manual or LaTeX Companion for explanation.
Type  H <return>  for immediate help.
 ...                                              
                                                  
l.541 # Третья компиляция 
                                          для обновления ссы...

? 

! LaTeX Error: Invalid UTF-8 byte sequence (�\lst@EC�).

See the LaTeX manual or LaTeX Companion for explanation.
Type  H <return>  for immediate help.
 ...                                              
                                                  
l.541 # Третья компиляция 
                                          для обновления ссы...

? 

! LaTeX Error: Invalid UTF-8 byte sequence (�\lst@EC�).

See the LaTeX manual or LaTeX Companion for explanation.
Type  H <return>  for immediate help.
 ...                                              
                                                  
l.541 # Третья компиляция 
                                          для обновления ссы...

? 

! LaTeX Error: Invalid UTF-8 byte sequence (�\lst@EC�).

See the LaTeX manual or LaTeX Companion for explanation.
Type  H <return>  for immediate help.
 ...                                              
                                                  
l.541 # Третья компиляция 
                                          для обновления ссы...

? 

! LaTeX Error: Invalid UTF-8 byte sequence (�\lst@EC�).

See the LaTeX manual or LaTeX Companion for explanation.
Type  H <return>  for immediate help.
 ...                                              
                                                  
l.541 # Третья компиляция 
                                          для обновления ссы...

? 

! LaTeX Error: Invalid UTF-8 byte sequence (�\lst@EC�).

See the LaTeX manual or LaTeX Companion for explanation.
Type  H <return>  for immediate help.
 ...                                              
                                                  
l.541 # Третья компиляция 
                                          для обновления ссы...

? 

! LaTeX Error: Invalid UTF-8 byte sequence (�\lst@EC�).

See the LaTeX manual or LaTeX Companion for explanation.
Type  H <return>  for immediate help.
 ...                                              
                                                  
l.541 # Третья компиляция 
                                          для обновления ссы...

? 

! LaTeX Error: Invalid UTF-8 byte sequence (�\lst@EC�).

See the LaTeX manual or LaTeX Companion for explanation.
Type  H <return>  for immediate help.
 ...                                              
                                                  
l.541 # Третья компиляция 
                                          для обновления ссы...

? 

! LaTeX Error: Invalid UTF-8 byte sequence (�\lst@EC�).

See the LaTeX manual or LaTeX Companion for explanation.
Type  H <return>  for immediate help.
 ...                                              
                                                  
l.541 # Третья компиляция 
                                          для обновления ссы...

? 

! LaTeX Error: Invalid UTF-8 byte sequence (�\lst@FillFixed@).

See the LaTeX manual or LaTeX Companion for explanation.
Type  H <return>  for immediate help.
 ...                                              
                                                  
l.541 # Третья компиляция для 
                                                 обновления ссы...

? 

! LaTeX Error: Invalid UTF-8 byte "B4.

See the LaTeX manual or LaTeX Companion for explanation.
Type  H <return>  for immediate help.
 ...                                              
                                                  
l.541 # Третья компиляция для 
                                                 обновления ссы...

? 

! LaTeX Error: Invalid UTF-8 byte sequence (�\lst@EC�).

See the LaTeX manual or LaTeX Companion for explanation.
Type  H <return>  for immediate help.
 ...                                              
                                                  
l.541 # Третья компиляция для 
                                                 обновления ссы...

? 

! LaTeX Error: Invalid UTF-8 byte sequence (�\lst@EC�).

See the LaTeX manual or LaTeX Companion for explanation.
Type  H <return>  for immediate help.
 ...                                              
                                                  
l.541 # Третья компиляция для 
                                                 обновления ссы...

? 

! LaTeX Error: Invalid UTF-8 byte sequence (�\lst@FillFixed@).

See the LaTeX manual or LaTeX Companion for explanation.
Type  H <return>  for immediate help.
 ...                                              
                                                  
l.541 ...иляция для обновления 
                                                  ссылок
? 

! LaTeX Error: Invalid UTF-8 byte "BE.

See the LaTeX manual or LaTeX Companion for explanation.
Type  H <return>  for immediate help.
 ...                                              
                                                  
l.541 ...иляция для обновления 
                                                  ссылок
? 

! LaTeX Error: Invalid UTF-8 byte sequence (�\lst@EC�).

See the LaTeX manual or LaTeX Companion for explanation.
Type  H <return>  for immediate help.
 ...                                              
                                                  
l.541 ...иляция для обновления 
                                                  ссылок
? 

! LaTeX Error: Invalid UTF-8 byte sequence (�\lst@EC�).

See the LaTeX manual or LaTeX Companion for explanation.
Type  H <return>  for immediate help.
 ...                                              
                                                  
l.541 ...иляция для обновления 
                                                  ссылок
? 

! LaTeX Error: Invalid UTF-8 byte sequence (�\lst@EC�).

See the LaTeX manual or LaTeX Companion for explanation.
Type  H <return>  for immediate help.
 ...                                              
                                                  
l.541 ...иляция для обновления 
                                                  ссылок
? 

! LaTeX Error: Invalid UTF-8 byte sequence (�\lst@EC�).

See the LaTeX manual or LaTeX Companion for explanation.
Type  H <return>  for immediate help.
 ...                                              
                                                  
l.541 ...иляция для обновления 
                                                  ссылок
? 

! LaTeX Error: Invalid UTF-8 byte sequence (�\lst@EC�).

See the LaTeX manual or LaTeX Companion for explanation.
Type  H <return>  for immediate help.
 ...                                              
                                                  
l.541 ...иляция для обновления 
                                                  ссылок
? 

! LaTeX Error: Invalid UTF-8 byte sequence (�\lst@EC�).

See the LaTeX manual or LaTeX Companion for explanation.
Type  H <return>  for immediate help.
 ...                                              
                                                  
l.541 ...иляция для обновления 
                                                  ссылок
? 

! LaTeX Error: Invalid UTF-8 byte sequence (�\lst@EC�).

See the LaTeX manual or LaTeX Companion for explanation.
Type  H <return>  for immediate help.
 ...                                              
                                                  
l.541 ...иляция для обновления 
                                                  ссылок
? 

! LaTeX Error: Invalid UTF-8 byte sequence (�\lst@EC�).

See the LaTeX manual or LaTeX Companion for explanation.
Type  H <return>  for immediate help.
 ...                                              
                                                  
l.541 ...иляция для обновления 
                                                  ссылок
? 

! LaTeX Error: Invalid UTF-8 byte sequence (�\lst@EC�).

See the LaTeX manual or LaTeX Companion for explanation.
Type  H <return>  for immediate help.
 ...                                              
                                                  
l.541 ...иляция для обновления 
                                                  ссылок
? 

! LaTeX Error: Invalid UTF-8 byte sequence (�\lst@FillFixed@).

See the LaTeX manual or LaTeX Companion for explanation.
Type  H <return>  for immediate help.
 ...                                              
                                                  
l.541 ... для обновления ссылок
                                                  
? 

! LaTeX Error: Invalid UTF-8 byte "81.

See the LaTeX manual or LaTeX Companion for explanation.
Type  H <return>  for immediate help.
 ...                                              
                                                  
l.541 ... для обновления ссылок
                                                  
? 

! LaTeX Error: Invalid UTF-8 byte sequence (�\lst@EC�).

See the LaTeX manual or LaTeX Companion for explanation.
Type  H <return>  for immediate help.
 ...                                              
                                                  
l.541 ... для обновления ссылок
                                                  
? 

! LaTeX Error: Invalid UTF-8 byte sequence (�\lst@EC�).

See the LaTeX manual or LaTeX Companion for explanation.
Type  H <return>  for immediate help.
 ...                                              
                                                  
l.541 ... для обновления ссылок
                                                  
? 

! LaTeX Error: Invalid UTF-8 byte sequence (�\lst@EC�).

See the LaTeX manual or LaTeX Companion for explanation.
Type  H <return>  for immediate help.
 ...                                              
                                                  
l.541 ... для обновления ссылок
                                                  
? 

! LaTeX Error: Invalid UTF-8 byte sequence (�\lst@EC�).

See the LaTeX manual or LaTeX Companion for explanation.
Type  H <return>  for immediate help.
 ...                                              
                                                  
l.541 ... для обновления ссылок
                                                  
? 

! LaTeX Error: Invalid UTF-8 byte sequence (�\lst@EC�).

See the LaTeX manual or LaTeX Companion for explanation.
Type  H <return>  for immediate help.
 ...                                              
                                                  
l.541 ... для обновления ссылок
                                                  
? 

! LaTeX Error: Invalid UTF-8 byte sequence (�\lst@FillFixed@).

See the LaTeX manual or LaTeX Companion for explanation.
Type  H <return>  for immediate help.
 ...                                              
                                                  
l.548 # Компиляция 
                             с автоматической обработ�...

? 

! LaTeX Error: Invalid UTF-8 byte "9A.

See the LaTeX manual or LaTeX Companion for explanation.
Type  H <return>  for immediate help.
 ...                                              
                                                  
l.548 # Компиляция 
                             с автоматической обработ�...

? 

! LaTeX Error: Invalid UTF-8 byte sequence (�\lst@EC�).

See the LaTeX manual or LaTeX Companion for explanation.
Type  H <return>  for immediate help.
 ...                                              
                                                  
l.548 # Компиляция 
                             с автоматической обработ�...

? 

! LaTeX Error: Invalid UTF-8 byte sequence (�\lst@EC�).

See the LaTeX manual or LaTeX Companion for explanation.
Type  H <return>  for immediate help.
 ...                                              
                                                  
l.548 # Компиляция 
                             с автоматической обработ�...

? 

! LaTeX Error: Invalid UTF-8 byte sequence (�\lst@EC�).

See the LaTeX manual or LaTeX Companion for explanation.
Type  H <return>  for immediate help.
 ...                                              
                                                  
l.548 # Компиляция 
                             с автоматической обработ�...

? 

! LaTeX Error: Invalid UTF-8 byte sequence (�\lst@EC�).

See the LaTeX manual or LaTeX Companion for explanation.
Type  H <return>  for immediate help.
 ...                                              
                                                  
l.548 # Компиляция 
                             с автоматической обработ�...

? 

! LaTeX Error: Invalid UTF-8 byte sequence (�\lst@EC�).

See the LaTeX manual or LaTeX Companion for explanation.
Type  H <return>  for immediate help.
 ...                                              
                                                  
l.548 # Компиляция 
                             с автоматической обработ�...

? 

! LaTeX Error: Invalid UTF-8 byte sequence (�\lst@EC�).

See the LaTeX manual or LaTeX Companion for explanation.
Type  H <return>  for immediate help.
 ...                                              
                                                  
l.548 # Компиляция 
                             с автоматической обработ�...

? 

! LaTeX Error: Invalid UTF-8 byte sequence (�\lst@EC�).

See the LaTeX manual or LaTeX Companion for explanation.
Type  H <return>  for immediate help.
 ...                                              
                                                  
l.548 # Компиляция 
                             с автоматической обработ�...

? 

! LaTeX Error: Invalid UTF-8 byte sequence (�\lst@EC�).

See the LaTeX manual or LaTeX Companion for explanation.
Type  H <return>  for immediate help.
 ...                                              
                                                  
l.548 # Компиляция 
                             с автоматической обработ�...

? 

! LaTeX Error: Invalid UTF-8 byte sequence (�\lst@EC�).

See the LaTeX manual or LaTeX Companion for explanation.
Type  H <return>  for immediate help.
 ...                                              
                                                  
l.548 # Компиляция 
                             с автоматической обработ�...

? 

! LaTeX Error: Invalid UTF-8 byte sequence (�\lst@FillFixed@).

See the LaTeX manual or LaTeX Companion for explanation.
Type  H <return>  for immediate help.
 ...                                              
                                                  
l.548 # Компиляция с 
                                автоматической обработ�...

? 

! LaTeX Error: Invalid UTF-8 byte "81.

See the LaTeX manual or LaTeX Companion for explanation.
Type  H <return>  for immediate help.
 ...                                              
                                                  
l.548 # Компиляция с 
                                автоматической обработ�...

? 

! LaTeX Error: Invalid UTF-8 byte sequence (�\lst@FillFixed@).

See the LaTeX manual or LaTeX Companion for explanation.
Type  H <return>  for immediate help.
 ...                                              
                                                  
l.548 ...яция с автоматической 
                                                  обработкой би�...

? 

! LaTeX Error: Invalid UTF-8 byte "B0.

See the LaTeX manual or LaTeX Companion for explanation.
Type  H <return>  for immediate help.
 ...                                              
                                                  
l.548 ...яция с автоматической 
                                                  обработкой би�...

? 

! LaTeX Error: Invalid UTF-8 byte sequence (�\lst@EC�).

See the LaTeX manual or LaTeX Companion for explanation.
Type  H <return>  for immediate help.
 ...                                              
                                                  
l.548 ...яция с автоматической 
                                                  обработкой би�...

? 

! LaTeX Error: Invalid UTF-8 byte sequence (�\lst@EC�).

See the LaTeX manual or LaTeX Companion for explanation.
Type  H <return>  for immediate help.
 ...                                              
                                                  
l.548 ...яция с автоматической 
                                                  обработкой би�...

? 

! LaTeX Error: Invalid UTF-8 byte sequence (�\lst@EC�).

See the LaTeX manual or LaTeX Companion for explanation.
Type  H <return>  for immediate help.
 ...                                              
                                                  
l.548 ...яция с автоматической 
                                                  обработкой би�...

? 

! LaTeX Error: Invalid UTF-8 byte sequence (�\lst@EC�).

See the LaTeX manual or LaTeX Companion for explanation.
Type  H <return>  for immediate help.
 ...                                              
                                                  
l.548 ...яция с автоматической 
                                                  обработкой би�...

? 

! LaTeX Error: Invalid UTF-8 byte sequence (�\lst@EC�).

See the LaTeX manual or LaTeX Companion for explanation.
Type  H <return>  for immediate help.
 ...                                              
                                                  
l.548 ...яция с автоматической 
                                                  обработкой би�...

? 

! LaTeX Error: Invalid UTF-8 byte sequence (�\lst@EC�).

See the LaTeX manual or LaTeX Companion for explanation.
Type  H <return>  for immediate help.
 ...                                              
                                                  
l.548 ...яция с автоматической 
                                                  обработкой би�...

? 

! LaTeX Error: Invalid UTF-8 byte sequence (�\lst@EC�).

See the LaTeX manual or LaTeX Companion for explanation.
Type  H <return>  for immediate help.
 ...                                              
                                                  
l.548 ...яция с автоматической 
                                                  обработкой би�...

? 

! LaTeX Error: Invalid UTF-8 byte sequence (�\lst@EC�).

See the LaTeX manual or LaTeX Companion for explanation.
Type  H <return>  for immediate help.
 ...                                              
                                                  
l.548 ...яция с автоматической 
                                                  обработкой би�...

? 

! LaTeX Error: Invalid UTF-8 byte sequence (�\lst@EC�).

See the LaTeX manual or LaTeX Companion for explanation.
Type  H <return>  for immediate help.
 ...                                              
                                                  
l.548 ...яция с автоматической 
                                                  обработкой би�...

? 

! LaTeX Error: Invalid UTF-8 byte sequence (�\lst@EC�).

See the LaTeX manual or LaTeX Companion for explanation.
Type  H <return>  for immediate help.
 ...                                              
                                                  
l.548 ...яция с автоматической 
                                                  обработкой би�...

? 

! LaTeX Error: Invalid UTF-8 byte sequence (�\lst@EC�).

See the LaTeX manual or LaTeX Companion for explanation.
Type  H <return>  for immediate help.
 ...                                              
                                                  
l.548 ...яция с автоматической 
                                                  обработкой би�...

? 

! LaTeX Error: Invalid UTF-8 byte sequence (�\lst@EC�).

See the LaTeX manual or LaTeX Companion for explanation.
Type  H <return>  for immediate help.
 ...                                              
                                                  
l.548 ...яция с автоматической 
                                                  обработкой би�...

? 

! LaTeX Error: Invalid UTF-8 byte sequence (�\lst@EC�).

See the LaTeX manual or LaTeX Companion for explanation.
Type  H <return>  for immediate help.
 ...                                              
                                                  
l.548 ...яция с автоматической 
                                                  обработкой би�...

? 

! LaTeX Error: Invalid UTF-8 byte sequence (�\lst@FillFixed@).

See the LaTeX manual or LaTeX Companion for explanation.
Type  H <return>  for immediate help.
 ...                                              
                                                  
l.548 ...�атической обработкой 
                                                  библиографии
? 

! LaTeX Error: Invalid UTF-8 byte "BE.

See the LaTeX manual or LaTeX Companion for explanation.
Type  H <return>  for immediate help.
 ...                                              
                                                  
l.548 ...�атической обработкой 
                                                  библиографии
? 

! LaTeX Error: Invalid UTF-8 byte sequence (�\lst@EC�).

See the LaTeX manual or LaTeX Companion for explanation.
Type  H <return>  for immediate help.
 ...                                              
                                                  
l.548 ...�атической обработкой 
                                                  библиографии
? 

! LaTeX Error: Invalid UTF-8 byte sequence (�\lst@EC�).

See the LaTeX manual or LaTeX Companion for explanation.
Type  H <return>  for immediate help.
 ...                                              
                                                  
l.548 ...�атической обработкой 
                                                  библиографии
? 

! LaTeX Error: Invalid UTF-8 byte sequence (�\lst@EC�).

See the LaTeX manual or LaTeX Companion for explanation.
Type  H <return>  for immediate help.
 ...                                              
                                                  
l.548 ...�атической обработкой 
                                                  библиографии
? 

! LaTeX Error: Invalid UTF-8 byte sequence (�\lst@EC�).

See the LaTeX manual or LaTeX Companion for explanation.
Type  H <return>  for immediate help.
 ...                                              
                                                  
l.548 ...�атической обработкой 
                                                  библиографии
? 

! LaTeX Error: Invalid UTF-8 byte sequence (�\lst@EC�).

See the LaTeX manual or LaTeX Companion for explanation.
Type  H <return>  for immediate help.
 ...                                              
                                                  
l.548 ...�атической обработкой 
                                                  библиографии
? 

! LaTeX Error: Invalid UTF-8 byte sequence (�\lst@EC�).

See the LaTeX manual or LaTeX Companion for explanation.
Type  H <return>  for immediate help.
 ...                                              
                                                  
l.548 ...�атической обработкой 
                                                  библиографии
? 

! LaTeX Error: Invalid UTF-8 byte sequence (�\lst@EC�).

See the LaTeX manual or LaTeX Companion for explanation.
Type  H <return>  for immediate help.
 ...                                              
                                                  
l.548 ...�атической обработкой 
                                                  библиографии
? 

! LaTeX Error: Invalid UTF-8 byte sequence (�\lst@EC�).

See the LaTeX manual or LaTeX Companion for explanation.
Type  H <return>  for immediate help.
 ...                                              
                                                  
l.548 ...�атической обработкой 
                                                  библиографии
? 

! LaTeX Error: Invalid UTF-8 byte sequence (�\lst@EC�).

See the LaTeX manual or LaTeX Companion for explanation.
Type  H <return>  for immediate help.
 ...                                              
                                                  
l.548 ...�атической обработкой 
                                                  библиографии
? 

! LaTeX Error: Invalid UTF-8 byte sequence (�\lst@FillFixed@).

See the LaTeX manual or LaTeX Companion for explanation.
Type  H <return>  for immediate help.
 ...                                              
                                                  
l.548 ...работкой библиографии
                                                  
? 

! LaTeX Error: Invalid UTF-8 byte "B1.

See the LaTeX manual or LaTeX Companion for explanation.
Type  H <return>  for immediate help.
 ...                                              
                                                  
l.548 ...работкой библиографии
                                                  
? 

! LaTeX Error: Invalid UTF-8 byte sequence (�\lst@EC�).

See the LaTeX manual or LaTeX Companion for explanation.
Type  H <return>  for immediate help.
 ...                                              
                                                  
l.548 ...работкой библиографии
                                                  
? 

! LaTeX Error: Invalid UTF-8 byte sequence (�\lst@EC�).

See the LaTeX manual or LaTeX Companion for explanation.
Type  H <return>  for immediate help.
 ...                                              
                                                  
l.548 ...работкой библиографии
                                                  
? 

! LaTeX Error: Invalid UTF-8 byte sequence (�\lst@EC�).

See the LaTeX manual or LaTeX Companion for explanation.
Type  H <return>  for immediate help.
 ...                                              
                                                  
l.548 ...работкой библиографии
                                                  
? 

! LaTeX Error: Invalid UTF-8 byte sequence (�\lst@EC�).

See the LaTeX manual or LaTeX Companion for explanation.
Type  H <return>  for immediate help.
 ...                                              
                                                  
l.548 ...работкой библиографии
                                                  
? 

! LaTeX Error: Invalid UTF-8 byte sequence (�\lst@EC�).

See the LaTeX manual or LaTeX Companion for explanation.
Type  H <return>  for immediate help.
 ...                                              
                                                  
l.548 ...работкой библиографии
                                                  
? 

! LaTeX Error: Invalid UTF-8 byte sequence (�\lst@EC�).

See the LaTeX manual or LaTeX Companion for explanation.
Type  H <return>  for immediate help.
 ...                                              
                                                  
l.548 ...работкой библиографии
                                                  
? 

! LaTeX Error: Invalid UTF-8 byte sequence (�\lst@EC�).

See the LaTeX manual or LaTeX Companion for explanation.
Type  H <return>  for immediate help.
 ...                                              
                                                  
l.548 ...работкой библиографии
                                                  
? 

! LaTeX Error: Invalid UTF-8 byte sequence (�\lst@EC�).

See the LaTeX manual or LaTeX Companion for explanation.
Type  H <return>  for immediate help.
 ...                                              
                                                  
l.548 ...работкой библиографии
                                                  
? 

! LaTeX Error: Invalid UTF-8 byte sequence (�\lst@EC�).

See the LaTeX manual or LaTeX Companion for explanation.
Type  H <return>  for immediate help.
 ...                                              
                                                  
l.548 ...работкой библиографии
                                                  
? 

! LaTeX Error: Invalid UTF-8 byte sequence (�\lst@EC�).

See the LaTeX manual or LaTeX Companion for explanation.
Type  H <return>  for immediate help.
 ...                                              
                                                  
l.548 ...работкой библиографии
                                                  
? 

! LaTeX Error: Invalid UTF-8 byte sequence (�\lst@EC�).

See the LaTeX manual or LaTeX Companion for explanation.
Type  H <return>  for immediate help.
 ...                                              
                                                  
l.548 ...работкой библиографии
                                                  
? 

! LaTeX Error: Invalid UTF-8 byte sequence (�\lst@FillFixed@).

See the LaTeX manual or LaTeX Companion for explanation.
Type  H <return>  for immediate help.
 ...                                              
                                                  
l.551 # Очистка 
                       вспомогательных файлов
? 

! LaTeX Error: Invalid UTF-8 byte "9E.

See the LaTeX manual or LaTeX Companion for explanation.
Type  H <return>  for immediate help.
 ...                                              
                                                  
l.551 # Очистка 
                       вспомогательных файлов
? 

! LaTeX Error: Invalid UTF-8 byte sequence (�\lst@EC�).

See the LaTeX manual or LaTeX Companion for explanation.
Type  H <return>  for immediate help.
 ...                                              
                                                  
l.551 # Очистка 
                       вспомогательных файлов
? 

! LaTeX Error: Invalid UTF-8 byte sequence (�\lst@EC�).

See the LaTeX manual or LaTeX Companion for explanation.
Type  H <return>  for immediate help.
 ...                                              
                                                  
l.551 # Очистка 
                       вспомогательных файлов
? 

! LaTeX Error: Invalid UTF-8 byte sequence (�\lst@EC�).

See the LaTeX manual or LaTeX Companion for explanation.
Type  H <return>  for immediate help.
 ...                                              
                                                  
l.551 # Очистка 
                       вспомогательных файлов
? 

! LaTeX Error: Invalid UTF-8 byte sequence (�\lst@EC�).

See the LaTeX manual or LaTeX Companion for explanation.
Type  H <return>  for immediate help.
 ...                                              
                                                  
l.551 # Очистка 
                       вспомогательных файлов
? 

! LaTeX Error: Invalid UTF-8 byte sequence (�\lst@EC�).

See the LaTeX manual or LaTeX Companion for explanation.
Type  H <return>  for immediate help.
 ...                                              
                                                  
l.551 # Очистка 
                       вспомогательных файлов
? 

! LaTeX Error: Invalid UTF-8 byte sequence (�\lst@EC�).

See the LaTeX manual or LaTeX Companion for explanation.
Type  H <return>  for immediate help.
 ...                                              
                                                  
l.551 # Очистка 
                       вспомогательных файлов
? 

! LaTeX Error: Invalid UTF-8 byte sequence (�\lst@FillFixed@).

See the LaTeX manual or LaTeX Companion for explanation.
Type  H <return>  for immediate help.
 ...                                              
                                                  
l.551 ...�стка вспомогательных 
                                                  файлов
? 

! LaTeX Error: Invalid UTF-8 byte "B2.

See the LaTeX manual or LaTeX Companion for explanation.
Type  H <return>  for immediate help.
 ...                                              
                                                  
l.551 ...�стка вспомогательных 
                                                  файлов
? 

! LaTeX Error: Invalid UTF-8 byte sequence (�\lst@EC�).

See the LaTeX manual or LaTeX Companion for explanation.
Type  H <return>  for immediate help.
 ...                                              
                                                  
l.551 ...�стка вспомогательных 
                                                  файлов
? 

! LaTeX Error: Invalid UTF-8 byte sequence (�\lst@EC�).

See the LaTeX manual or LaTeX Companion for explanation.
Type  H <return>  for immediate help.
 ...                                              
                                                  
l.551 ...�стка вспомогательных 
                                                  файлов
? 

! LaTeX Error: Invalid UTF-8 byte sequence (�\lst@EC�).

See the LaTeX manual or LaTeX Companion for explanation.
Type  H <return>  for immediate help.
 ...                                              
                                                  
l.551 ...�стка вспомогательных 
                                                  файлов
? 

! LaTeX Error: Invalid UTF-8 byte sequence (�\lst@EC�).

See the LaTeX manual or LaTeX Companion for explanation.
Type  H <return>  for immediate help.
 ...                                              
                                                  
l.551 ...�стка вспомогательных 
                                                  файлов
? 

! LaTeX Error: Invalid UTF-8 byte sequence (�\lst@EC�).

See the LaTeX manual or LaTeX Companion for explanation.
Type  H <return>  for immediate help.
 ...                                              
                                                  
l.551 ...�стка вспомогательных 
                                                  файлов
? 

! LaTeX Error: Invalid UTF-8 byte sequence (�\lst@EC�).

See the LaTeX manual or LaTeX Companion for explanation.
Type  H <return>  for immediate help.
 ...                                              
                                                  
l.551 ...�стка вспомогательных 
                                                  файлов
? 

! LaTeX Error: Invalid UTF-8 byte sequence (�\lst@EC�).

See the LaTeX manual or LaTeX Companion for explanation.
Type  H <return>  for immediate help.
 ...                                              
                                                  
l.551 ...�стка вспомогательных 
                                                  файлов
? 

! LaTeX Error: Invalid UTF-8 byte sequence (�\lst@EC�).

See the LaTeX manual or LaTeX Companion for explanation.
Type  H <return>  for immediate help.
 ...                                              
                                                  
l.551 ...�стка вспомогательных 
                                                  файлов
? 

! LaTeX Error: Invalid UTF-8 byte sequence (�\lst@EC�).

See the LaTeX manual or LaTeX Companion for explanation.
Type  H <return>  for immediate help.
 ...                                              
                                                  
l.551 ...�стка вспомогательных 
                                                  файлов
? 

! LaTeX Error: Invalid UTF-8 byte sequence (�\lst@EC�).

See the LaTeX manual or LaTeX Companion for explanation.
Type  H <return>  for immediate help.
 ...                                              
                                                  
l.551 ...�стка вспомогательных 
                                                  файлов
? 

! LaTeX Error: Invalid UTF-8 byte sequence (�\lst@EC�).

See the LaTeX manual or LaTeX Companion for explanation.
Type  H <return>  for immediate help.
 ...                                              
                                                  
l.551 ...�стка вспомогательных 
                                                  файлов
? 

! LaTeX Error: Invalid UTF-8 byte sequence (�\lst@EC�).

See the LaTeX manual or LaTeX Companion for explanation.
Type  H <return>  for immediate help.
 ...                                              
                                                  
l.551 ...�стка вспомогательных 
                                                  файлов
? 

! LaTeX Error: Invalid UTF-8 byte sequence (�\lst@EC�).

See the LaTeX manual or LaTeX Companion for explanation.
Type  H <return>  for immediate help.
 ...                                              
                                                  
l.551 ...�стка вспомогательных 
                                                  файлов
? 

! LaTeX Error: Invalid UTF-8 byte sequence (�\lst@EC�).

See the LaTeX manual or LaTeX Companion for explanation.
Type  H <return>  for immediate help.
 ...                                              
                                                  
l.551 ...�стка вспомогательных 
                                                  файлов
? 

! LaTeX Error: Invalid UTF-8 byte sequence (�\lst@FillFixed@).

See the LaTeX manual or LaTeX Companion for explanation.
Type  H <return>  for immediate help.
 ...                                              
                                                  
l.551 ...спомогательных файлов
                                                  
? 

! LaTeX Error: Invalid UTF-8 byte "84.

See the LaTeX manual or LaTeX Companion for explanation.
Type  H <return>  for immediate help.
 ...                                              
                                                  
l.551 ...спомогательных файлов
                                                  
? 

! LaTeX Error: Invalid UTF-8 byte sequence (�\lst@EC�).

See the LaTeX manual or LaTeX Companion for explanation.
Type  H <return>  for immediate help.
 ...                                              
                                                  
l.551 ...спомогательных файлов
                                                  
? 

! LaTeX Error: Invalid UTF-8 byte sequence (�\lst@EC�).

See the LaTeX manual or LaTeX Companion for explanation.
Type  H <return>  for immediate help.
 ...                                              
                                                  
l.551 ...спомогательных файлов
                                                  
? 

! LaTeX Error: Invalid UTF-8 byte sequence (�\lst@EC�).

See the LaTeX manual or LaTeX Companion for explanation.
Type  H <return>  for immediate help.
 ...                                              
                                                  
l.551 ...спомогательных файлов
                                                  
? 

! LaTeX Error: Invalid UTF-8 byte sequence (�\lst@EC�).

See the LaTeX manual or LaTeX Companion for explanation.
Type  H <return>  for immediate help.
 ...                                              
                                                  
l.551 ...спомогательных файлов
                                                  
? 

! LaTeX Error: Invalid UTF-8 byte sequence (�\lst@EC�).

See the LaTeX manual or LaTeX Companion for explanation.
Type  H <return>  for immediate help.
 ...                                              
                                                  
l.551 ...спомогательных файлов
                                                  
? 

! LaTeX Error: Invalid UTF-8 byte sequence (�\lst@FillFixed@).

See the LaTeX manual or LaTeX Companion for explanation.
Type  H <return>  for immediate help.
 ...                                              
                                                  
l.554 # Полная 
                     очистка (включая PDF)
? 

! LaTeX Error: Invalid UTF-8 byte "9F.

See the LaTeX manual or LaTeX Companion for explanation.
Type  H <return>  for immediate help.
 ...                                              
                                                  
l.554 # Полная 
                     очистка (включая PDF)
? 

! LaTeX Error: Invalid UTF-8 byte sequence (�\lst@EC�).

See the LaTeX manual or LaTeX Companion for explanation.
Type  H <return>  for immediate help.
 ...                                              
                                                  
l.554 # Полная 
                     очистка (включая PDF)
? 

! LaTeX Error: Invalid UTF-8 byte sequence (�\lst@EC�).

See the LaTeX manual or LaTeX Companion for explanation.
Type  H <return>  for immediate help.
 ...                                              
                                                  
l.554 # Полная 
                     очистка (включая PDF)
? 

! LaTeX Error: Invalid UTF-8 byte sequence (�\lst@EC�).

See the LaTeX manual or LaTeX Companion for explanation.
Type  H <return>  for immediate help.
 ...                                              
                                                  
l.554 # Полная 
                     очистка (включая PDF)
? 

! LaTeX Error: Invalid UTF-8 byte sequence (�\lst@EC�).

See the LaTeX manual or LaTeX Companion for explanation.
Type  H <return>  for immediate help.
 ...                                              
                                                  
l.554 # Полная 
                     очистка (включая PDF)
? 

! LaTeX Error: Invalid UTF-8 byte sequence (�\lst@EC�).

See the LaTeX manual or LaTeX Companion for explanation.
Type  H <return>  for immediate help.
 ...                                              
                                                  
l.554 # Полная 
                     очистка (включая PDF)
? 

! LaTeX Error: Invalid UTF-8 byte sequence (�\lst@FillFixed@).

See the LaTeX manual or LaTeX Companion for explanation.
Type  H <return>  for immediate help.
 ...                                              
                                                  
l.554 # Полная очистка 
                                    (включая PDF)
? 

! LaTeX Error: Invalid UTF-8 byte "BE.

See the LaTeX manual or LaTeX Companion for explanation.
Type  H <return>  for immediate help.
 ...                                              
                                                  
l.554 # Полная очистка 
                                    (включая PDF)
? 

! LaTeX Error: Invalid UTF-8 byte sequence (�\lst@EC�).

See the LaTeX manual or LaTeX Companion for explanation.
Type  H <return>  for immediate help.
 ...                                              
                                                  
l.554 # Полная очистка 
                                    (включая PDF)
? 

! LaTeX Error: Invalid UTF-8 byte sequence (�\lst@EC�).

See the LaTeX manual or LaTeX Companion for explanation.
Type  H <return>  for immediate help.
 ...                                              
                                                  
l.554 # Полная очистка 
                                    (включая PDF)
? 

! LaTeX Error: Invalid UTF-8 byte sequence (�\lst@EC�).

See the LaTeX manual or LaTeX Companion for explanation.
Type  H <return>  for immediate help.
 ...                                              
                                                  
l.554 # Полная очистка 
                                    (включая PDF)
? 

! LaTeX Error: Invalid UTF-8 byte sequence (�\lst@EC�).

See the LaTeX manual or LaTeX Companion for explanation.
Type  H <return>  for immediate help.
 ...                                              
                                                  
l.554 # Полная очистка 
                                    (включая PDF)
? 

! LaTeX Error: Invalid UTF-8 byte sequence (�\lst@EC�).

See the LaTeX manual or LaTeX Companion for explanation.
Type  H <return>  for immediate help.
 ...                                              
                                                  
l.554 # Полная очистка 
                                    (включая PDF)
? 

! LaTeX Error: Invalid UTF-8 byte sequence (�\lst@EC�).

See the LaTeX manual or LaTeX Companion for explanation.
Type  H <return>  for immediate help.
 ...                                              
                                                  
l.554 # Полная очистка 
                                    (включая PDF)
? 

! LaTeX Error: Invalid UTF-8 byte sequence (�\lst@FillFixed@).

See the LaTeX manual or LaTeX Companion for explanation.
Type  H <return>  for immediate help.
 ...                                              
                                                  
l.554 ...�лная очистка (включая 
                                                  PDF)
? 

! LaTeX Error: Invalid UTF-8 byte "B2.

See the LaTeX manual or LaTeX Companion for explanation.
Type  H <return>  for immediate help.
 ...                                              
                                                  
l.554 ...�лная очистка (включая 
                                                  PDF)
? 

! LaTeX Error: Invalid UTF-8 byte sequence (�\lst@EC�).

See the LaTeX manual or LaTeX Companion for explanation.
Type  H <return>  for immediate help.
 ...                                              
                                                  
l.554 ...�лная очистка (включая 
                                                  PDF)
? 

! LaTeX Error: Invalid UTF-8 byte sequence (�\lst@EC�).

See the LaTeX manual or LaTeX Companion for explanation.
Type  H <return>  for immediate help.
 ...                                              
                                                  
l.554 ...�лная очистка (включая 
                                                  PDF)
? 

! LaTeX Error: Invalid UTF-8 byte sequence (�\lst@EC�).

See the LaTeX manual or LaTeX Companion for explanation.
Type  H <return>  for immediate help.
 ...                                              
                                                  
l.554 ...�лная очистка (включая 
                                                  PDF)
? 

! LaTeX Error: Invalid UTF-8 byte sequence (�\lst@EC�).

See the LaTeX manual or LaTeX Companion for explanation.
Type  H <return>  for immediate help.
 ...                                              
                                                  
l.554 ...�лная очистка (включая 
                                                  PDF)
? 

! LaTeX Error: Invalid UTF-8 byte sequence (�\lst@EC�).

See the LaTeX manual or LaTeX Companion for explanation.
Type  H <return>  for immediate help.
 ...                                              
                                                  
l.554 ...�лная очистка (включая 
                                                  PDF)
? 

! LaTeX Error: Invalid UTF-8 byte sequence (�\lst@EC�).

See the LaTeX manual or LaTeX Companion for explanation.
Type  H <return>  for immediate help.
 ...                                              
                                                  
l.554 ...�лная очистка (включая 
                                                  PDF)
? 



Package fancyhdr Warning: \headheight is too small (12.0pt): 
(fancyhdr)                Make it at least 13.59999pt, for example:
(fancyhdr)                \setlength{\headheight}{13.59999pt}.
(fancyhdr)                You might also make \topmargin smaller:
(fancyhdr)                \addtolength{\topmargin}{-1.59999pt}.

[11]


Package fancyhdr Warning: \headheight is too small (12.0pt): 
(fancyhdr)                Make it at least 13.59999pt, for example:
(fancyhdr)                \setlength{\headheight}{13.59999pt}.
(fancyhdr)                You might also make \topmargin smaller:
(fancyhdr)                \addtolength{\topmargin}{-1.59999pt}.

[12] (report.aux)
 ***********
LaTeX2e <2025-06-01> patch level 1
L3 programming layer <2025-09-02>
 ***********
Package rerunfilecheck Info: File `report.out' has not changed.
(rerunfilecheck)             Checksum: B9975C316F111DCE5D314E0EF4B68B7C;8570.
Package logreq Info: Writing requests to 'report.run.xml'.
\openout1 = `report.run.xml'.

 ) 
Here is how much of TeX's memory you used:
 27003 strings out of 468135
 467331 string characters out of 5421560
 1645033 words of memory out of 5000000
 55134 multiletter control sequences out of 15000+600000
 643037 words of font info for 74 fonts, out of 8000000 for 9000
 1141 hyphenation exceptions out of 8191
 63i,13n,73p,697b,3119s stack positions out of 10000i,1000n,20000p,200000b,200000s
 <C:\Users\Пользователь\AppData\Local\MiKTeX\fonts/pk/ljfour/lh/l
h-t2a/dpi600\lati1200.pk> <C:\Users\Пользователь\AppData\Local\MiKT
eX\fonts/pk/ljfour/lh/lh-t2a/dpi600\larm0800.pk> <C:\Users\Пользовате
ль\AppData\Local\MiKTeX\fonts/pk/ljfour/lh/lh-t2a/dpi600\latt1095.pk> <C:\Use
rs\Пользователь\AppData\Local\MiKTeX\fonts/pk/ljfour/lh/lh-t2a/dpi6
00\larm0600.pk> <C:\Users\Пользователь\AppData\Local\MiKTeX\fonts/p
k/ljfour/lh/lh-t2a/dpi600\labx1095.pk> <C:\Users\Пользователь\AppDa
ta\Local\MiKTeX\fonts/pk/ljfour/jknappen/ec/dpi600\tcrm1200.pk> <C:\Users\По�
�ьзователь\AppData\Local\MiKTeX\fonts/pk/ljfour/lh/lh-t2a/dpi600\latt1
200.pk> <C:\Users\Пользователь\AppData\Local\MiKTeX\fonts/pk/ljfour
/lh/lh-t2a/dpi600\labx1440.pk> <C:\Users\Пользователь\AppData\Local
\MiKTeX\fonts/pk/ljfour/lh/lh-t2a/dpi600\labx1200.pk> <C:\Users\Пользов�
�тель\AppData\Local\MiKTeX\fonts/pk/ljfour/lh/lh-t2a/dpi600\larm1095.pk> <C
:\Users\Пользователь\AppData\Local\MiKTeX\fonts/pk/ljfour/lh/lh-t2a
/dpi600\larm1200.pk> <C:\Users\Пользователь\AppData\Local\MiKTeX\fo
nts/pk/ljfour/lh/lh-t2a/dpi600\larm1728.pk> <C:\Users\Пользователь\
AppData\Local\MiKTeX\fonts/pk/ljfour/lh/lh-t2a/dpi600\labx1728.pk> <C:\Users\П
ользователь\AppData\Local\MiKTeX\fonts/pk/ljfour/lh/lh-t2a/dpi600\la
rm1440.pk> <C:\Users\Пользователь\AppData\Local\MiKTeX\fonts/pk/ljf
our/lh/lh-t2a/dpi600\labx2074.pk>
Output written on report.pdf (13 pages, 317091 bytes).
PDF statistics:
 1131 PDF objects out of 1200 (max. 8388607)
 154 named destinations out of 1000 (max. 500000)
 281 words of extra memory for PDF output out of 10000 (max. 10000000)

